SalePrice,Neighborhood,Year Built
"$215,000.00",NAmes,1960
"$105,000.00",NAmes,1961
"$172,000.00",NAmes,1958
"$244,000.00",NAmes,1968
"$189,900.00",Gilbert,1997
"$195,500.00",Gilbert,1998
"$213,500.00",StoneBr,2001
"$191,500.00",StoneBr,1992
"$236,500.00",StoneBr,1995
"$189,000.00",Gilbert,1999
"$175,900.00",Gilbert,1993
"$185,000.00",Gilbert,1992
"$180,400.00",Gilbert,1998
"$171,500.00",Gilbert,1990
"$212,000.00",StoneBr,1985
"$538,000.00",StoneBr,2003
"$164,000.00",Gilbert,1988
"$394,432.00",StoneBr,2010
"$141,000.00",Gilbert,1951
"$210,000.00",NWAmes,1978
"$190,000.00",NWAmes,1977
"$170,000.00",NWAmes,1974
"$216,000.00",Somerst,2000
"$149,000.00",NAmes,1970
"$149,900.00",NAmes,1971
"$142,000.00",NAmes,1968
"$126,000.00",NAmes,1970
"$115,000.00",NAmes,1971
"$184,000.00",NAmes,1999
"$96,000.00",BrDale,1971
"$105,500.00",BrDale,1971
"$88,000.00",BrDale,1971
"$127,500.00",NPkVill,1977
"$149,900.00",NPkVill,1975
"$120,000.00",NPkVill,1975
"$146,000.00",NPkVill,1978
"$376,162.00",NridgHt,2009
"$306,000.00",NridgHt,2007
"$395,192.00",NridgHt,2009
"$290,941.00",NridgHt,2009
"$220,000.00",NridgHt,2005
"$275,000.00",NridgHt,2005
"$259,000.00",NridgHt,2005
"$214,000.00",NridgHt,2004
"$611,657.00",NridgHt,2009
"$224,000.00",NridgHt,2009
"$500,000.00",NridgHt,2003
"$320,000.00",NridgHt,2002
"$319,900.00",NridgHt,2005
"$205,000.00",NridgHt,2006
"$175,500.00",NridgHt,2003
"$199,500.00",Gilbert,2005
"$160,000.00",Blmngtn,2006
"$192,000.00",Blmngtn,2004
"$184,500.00",Gilbert,2004
"$216,500.00",Gilbert,2002
"$185,088.00",Gilbert,2004
"$180,000.00",Gilbert,2000
"$222,500.00",Gilbert,2001
"$333,168.00",NoRidge,1999
"$355,000.00",NoRidge,1998
"$260,400.00",NoRidge,1996
"$325,000.00",NoRidge,1994
"$290,000.00",NoRidge,1999
"$221,000.00",NoRidge,1998
"$410,000.00",NoRidge,1995
"$221,500.00",Somerst,2005
"$204,500.00",Somerst,2009
"$215,200.00",Somerst,2009
"$262,500.00",Somerst,2008
"$254,900.00",Somerst,2004
"$271,500.00",Somerst,2005
"$233,000.00",SawyerW,2004
"$181,000.00",SawyerW,2004
"$205,000.00",SawyerW,1994
"$143,000.00",SawyerW,1980
"$189,000.00",SawyerW,1992
"$99,500.00",SawyerW,1979
"$125,000.00",SawyerW,1984
"$194,500.00",SawyerW,1993
"$152,000.00",SawyerW,1984
"$171,000.00",SawyerW,1980
"$67,500.00",SawyerW,1920
"$112,000.00",Sawyer,1978
"$148,000.00",Sawyer,1961
"$138,500.00",Sawyer,1965
"$122,000.00",Sawyer,1967
"$133,000.00",Sawyer,1963
"$127,000.00",Sawyer,1962
"$169,000.00",Sawyer,1974
"$190,000.00",NoRidge,1992
"$362,500.00",NoRidge,1993
"$285,000.00",NoRidge,1992
"$260,000.00",Somerst,2004
"$190,000.00",Somerst,2004
"$155,000.00",Somerst,2004
"$151,000.00",Somerst,2004
"$149,500.00",Somerst,2004
"$152,000.00",Somerst,2005
"$222,000.00",Somerst,2009
"$177,500.00",Somerst,2000
"$177,000.00",Somerst,2000
"$155,000.00",Somerst,1999
"$147,110.00",Somerst,2003
"$267,916.00",Somerst,2010
"$254,000.00",Somerst,2000
"$155,000.00",Greens,1980
"$206,000.00",Greens,1978
"$130,500.00",Sawyer,1976
"$230,000.00",Somerst,2002
"$218,500.00",NWAmes,1967
"$243,500.00",NWAmes,1993
"$205,000.00",NWAmes,1977
"$212,500.00",NWAmes,1978
"$196,500.00",NWAmes,1988
"$197,500.00",NWAmes,1972
"$171,000.00",NWAmes,1971
"$142,250.00",NAmes,1966
"$143,000.00",NWAmes,1963
"$128,950.00",NAmes,1959
"$159,000.00",NAmes,1966
"$178,900.00",NAmes,1967
"$136,300.00",NAmes,1964
"$180,500.00",NAmes,1964
"$137,500.00",NAmes,1963
"$84,900.00",NAmes,1962
"$142,125.00",NAmes,1950
"$197,600.00",NAmes,1952
"$172,500.00",NAmes,1949
"$116,500.00",BrkSide,1958
"$76,500.00",BrkSide,1940
"$128,000.00",NAmes,1954
"$153,000.00",NAmes,1955
"$132,000.00",NAmes,1954
"$178,000.00",NAmes,1966
"$154,300.00",NAmes,1960
"$180,000.00",NAmes,1970
"$190,000.00",NAmes,1966
"$135,000.00",NAmes,1958
"$214,000.00",NAmes,2003
"$136,000.00",NAmes,1959
"$165,500.00",NAmes,1959
"$145,000.00",NAmes,1957
"$148,000.00",NAmes,1959
"$142,000.00",NAmes,1959
"$167,500.00",NAmes,1960
"$108,538.00",NAmes,1959
"$159,500.00",NAmes,1959
"$108,000.00",NAmes,1956
"$135,000.00",NAmes,1952
"$122,500.00",NAmes,1955
"$119,000.00",NAmes,1958
"$109,000.00",NAmes,1953
"$105,000.00",NAmes,1920
"$107,500.00",NAmes,1955
"$144,900.00",NAmes,1954
"$129,000.00",NAmes,1956
"$97,500.00",NAmes,1948
"$144,000.00",OldTown,1980
"$162,000.00",NAmes,1959
"$242,000.00",NAmes,1967
"$132,000.00",NAmes,1948
"$154,000.00",NAmes,1959
"$166,000.00",NAmes,1952
"$134,800.00",NAmes,1951
"$160,000.00",NAmes,1962
"$148,000.00",NAmes,1960
"$192,000.00",NAmes,1963
"$155,000.00",NAmes,1966
"$80,400.00",OldTown,1900
"$96,500.00",OldTown,1910
"$109,500.00",OldTown,1920
"$115,000.00",OldTown,1927
"$143,000.00",OldTown,1957
"$107,400.00",OldTown,1915
"$80,000.00",OldTown,1945
"$119,000.00",OldTown,1940
"$130,000.00",OldTown,1929
"$119,000.00",OldTown,1938
"$129,000.00",OldTown,1948
"$100,000.00",OldTown,1920
"$12,789.00",OldTown,1923
"$105,900.00",OldTown,1928
"$150,000.00",OldTown,1900
"$139,000.00",OldTown,1915
"$240,000.00",OldTown,1890
"$76,500.00",OldTown,1910
"$149,700.00",OldTown,1957
"$125,500.00",OldTown,1910
"$122,500.00",OldTown,1885
"$140,750.00",OldTown,1922
"$128,500.00",BrkSide,1950
"$209,500.00",BrkSide,1922
"$87,000.00",BrkSide,1925
"$134,000.00",BrkSide,1939
"$128,000.00",BrkSide,1940
"$132,000.00",BrkSide,1942
"$139,900.00",BrkSide,1948
"$123,900.00",BrkSide,1936
"$138,400.00",BrkSide,1930
"$109,500.00",OldTown,1923
"$140,000.00",OldTown,1921
"$149,500.00",OldTown,1915
"$159,900.00",OldTown,1912
"$122,000.00",OldTown,1920
"$110,000.00",IDOTRR,1963
"$55,000.00",IDOTRR,1930
"$140,000.00",OldTown,1900
"$244,400.00",ClearCr,1940
"$173,000.00",ClearCr,1959
"$107,500.00",ClearCr,1917
"$100,000.00",SWISU,1915
"$95,000.00",SWISU,1940
"$93,369.00",SWISU,1907
"$114,900.00",SWISU,1910
"$94,000.00",Sawyer,1875
"$136,000.00",Sawyer,1967
"$136,500.00",Sawyer,1968
"$131,500.00",Sawyer,1965
"$121,500.00",Sawyer,1957
"$125,000.00",Sawyer,1967
"$154,000.00",Sawyer,1968
"$137,900.00",Sawyer,1966
"$158,000.00",Sawyer,1969
"$137,250.00",Sawyer,1968
"$160,250.00",Sawyer,1978
"$163,000.00",Sawyer,1968
"$158,900.00",Sawyer,1978
"$328,000.00",ClearCr,1996
"$270,000.00",ClearCr,1977
"$85,000.00",Sawyer,1927
"$128,000.00",Sawyer,1950
"$260,000.00",ClearCr,1979
"$230,000.00",ClearCr,1978
"$124,000.00",Edwards,1938
"$83,000.00",Edwards,1920
"$144,500.00",Edwards,1950
"$129,000.00",Edwards,1956
"$127,000.00",Edwards,1947
"$128,000.00",Edwards,1954
"$186,000.00",Edwards,2009
"$308,030.00",Edwards,2009
"$114,000.00",Edwards,1964
"$84,900.00",Edwards,1946
"$178,000.00",SawyerW,1985
"$270,000.00",SawyerW,1987
"$218,000.00",SawyerW,1993
"$236,000.00",SawyerW,1993
"$147,000.00",SawyerW,1992
"$245,350.00",CollgCr,2008
"$206,000.00",CollgCr,2006
"$198,900.00",CollgCr,2009
"$187,000.00",CollgCr,2010
"$320,000.00",SawyerW,1990
"$138,500.00",SawyerW,1900
"$155,000.00",ClearCr,1971
"$159,000.00",CollgCr,1996
"$191,000.00",CollgCr,1997
"$200,500.00",CollgCr,1998
"$150,000.00",CollgCr,1977
"$161,750.00",CollgCr,1977
"$128,200.00",CollgCr,1976
"$127,000.00",CollgCr,1972
"$318,000.00",CollgCr,2003
"$272,000.00",CollgCr,2001
"$237,000.00",CollgCr,2003
"$240,000.00",CollgCr,1997
"$224,900.00",CollgCr,1998
"$143,750.00",CollgCr,2003
"$143,000.00",CollgCr,2004
"$232,000.00",CollgCr,2003
"$213,000.00",CollgCr,2004
"$185,500.00",CollgCr,2004
"$84,900.00",Edwards,1945
"$155,891.00",Edwards,1954
"$100,000.00",Edwards,1965
"$144,000.00",Edwards,1968
"$64,000.00",Edwards,1948
"$125,200.00",Edwards,1975
"$107,000.00",Edwards,1976
"$90,000.00",Edwards,1958
"$140,000.00",Edwards,2003
"$113,000.00",Edwards,1945
"$80,000.00",Edwards,1941
"$144,500.00",Edwards,1957
"$104,000.00",SWISU,1924
"$128,000.00",SWISU,1915
"$58,500.00",Edwards,1914
"$127,000.00",SWISU,1924
"$126,000.00",SWISU,1939
"$160,000.00",SWISU,1967
"$100,000.00",SWISU,1931
"$169,000.00",SWISU,1919
"$257,500.00",Crawfor,1941
"$215,000.00",Crawfor,1950
"$266,500.00",Crawfor,1941
"$335,000.00",Crawfor,1959
"$203,135.00",Crawfor,1994
"$185,000.00",Blueste,1989
"$162,500.00",Blueste,1989
"$289,000.00",Crawfor,1959
"$125,500.00",IDOTRR,1922
"$82,000.00",IDOTRR,1941
"$110,000.00",IDOTRR,1921
"$68,400.00",IDOTRR,1920
"$102,776.00",IDOTRR,1900
"$55,993.00",IDOTRR,1952
"$50,138.00",IDOTRR,1896
"$246,000.00",Crawfor,2004
"$254,900.00",Mitchel,1998
"$190,000.00",Mitchel,1977
"$201,000.00",Mitchel,2003
"$169,900.00",Mitchel,1976
"$170,000.00",Mitchel,1976
"$160,000.00",Timber,1948
"$220,000.00",Timber,2008
"$179,781.00",Timber,2009
"$174,000.00",Timber,2006
"$269,500.00",Timber,2009
"$214,900.00",Timber,2002
"$202,900.00",Timber,2002
"$378,500.00",Timber,2008
"$169,000.00",Mitchel,1965
"$173,500.00",Mitchel,2004
"$139,000.00",Mitchel,1971
"$166,500.00",Mitchel,1999
"$83,500.00",MeadowV,1973
"$119,500.00",MeadowV,1973
"$85,000.00",MeadowV,1976
"$76,000.00",MeadowV,1970
"$75,500.00",MeadowV,1972
"$88,250.00",MeadowV,1970
"$85,500.00",MeadowV,1972
"$130,000.00",Mitchel,1971
"$157,900.00",Mitchel,1962
"$149,900.00",Mitchel,1984
"$159,000.00",Mitchel,1985
"$136,000.00",Mitchel,1991
"$161,000.00",Mitchel,1969
"$285,000.00",Mitchel,1994
"$231,000.00",Mitchel,1993
"$124,500.00",NAmes,1956
"$157,000.00",NAmes,1974
"$345,000.00",NAmes,1972
"$189,500.00",Gilbert,1997
"$270,000.00",Gilbert,2003
"$189,000.00",Gilbert,1996
"$377,500.00",Gilbert,2006
"$168,500.00",Gilbert,1995
"$375,000.00",StoneBr,2004
"$278,000.00",StoneBr,2000
"$240,000.00",StoneBr,1998
"$239,500.00",StoneBr,1995
"$177,500.00",Gilbert,1998
"$185,000.00",Gilbert,1998
"$191,000.00",Gilbert,1998
"$178,000.00",Gilbert,1993
"$185,000.00",Gilbert,1993
"$181,316.00",Gilbert,1994
"$166,000.00",Gilbert,1993
"$178,000.00",Gilbert,1992
"$174,000.00",Gilbert,1994
"$173,000.00",Gilbert,1992
"$225,000.00",Gilbert,1999
"$180,500.00",Gilbert,1990
"$187,500.00",StoneBr,1984
"$501,837.00",StoneBr,2008
"$372,500.00",StoneBr,2008
"$260,000.00",StoneBr,2005
"$185,000.00",Gilbert,1977
"$260,000.00",NWAmes,1980
"$181,000.00",NWAmes,1979
"$82,500.00",NWAmes,1977
"$215,000.00",NWAmes,1977
"$154,000.00",NWAmes,1978
"$200,000.00",NWAmes,1978
"$249,000.00",NWAmes,1980
"$187,500.00",NWAmes,1980
"$184,000.00",NWAmes,1978
"$278,000.00",NWAmes,1981
"$157,000.00",NWAmes,1978
"$152,000.00",NWAmes,1976
"$197,500.00",NWAmes,1976
"$240,900.00",Somerst,2003
"$263,435.00",Somerst,2009
"$220,000.00",Somerst,2000
"$235,000.00",Somerst,2002
"$213,000.00",NWAmes,1975
"$167,900.00",NWAmes,1974
"$158,000.00",NWAmes,1975
"$165,000.00",NWAmes,1974
"$158,000.00",NWAmes,1972
"$136,000.00",NAmes,1974
"$148,500.00",NAmes,1970
"$156,000.00",NAmes,1969
"$128,000.00",NAmes,1970
"$143,000.00",NAmes,1971
"$76,500.00",NAmes,1970
"$120,500.00",NAmes,1970
"$124,500.00",NAmes,1970
"$97,000.00",NAmes,1971
"$130,000.00",NAmes,1971
"$111,000.00",BrDale,1973
"$125,000.00",BrDale,1970
"$112,000.00",BrDale,1971
"$97,000.00",BrDale,1972
"$118,000.00",BrDale,1972
"$119,500.00",BrDale,1972
"$143,750.00",NPkVill,1976
"$146,000.00",NPkVill,1976
"$148,500.00",NPkVill,1976
"$123,000.00",NPkVill,1975
"$147,000.00",NPkVill,1974
"$137,900.00",NPkVill,1977
"$147,000.00",NPkVill,1978
"$148,500.00",NPkVill,1978
"$138,000.00",NPkVill,1978
"$128,500.00",NPkVill,1976
"$100,000.00",NAmes,1967
"$148,800.00",NAmes,1966
"$337,500.00",NridgHt,2006
"$462,000.00",NridgHt,2007
"$485,000.00",NridgHt,2008
"$555,000.00",NridgHt,2008
"$325,000.00",NridgHt,2006
"$256,300.00",NridgHt,2007
"$253,293.00",NridgHt,2008
"$398,800.00",NridgHt,2009
"$335,000.00",NridgHt,2008
"$404,000.00",NridgHt,2008
"$402,861.00",NridgHt,2009
"$451,950.00",NridgHt,2008
"$610,000.00",NridgHt,2007
"$582,933.00",NridgHt,2008
"$360,000.00",NridgHt,2008
"$296,000.00",NridgHt,2004
"$409,900.00",NridgHt,2007
"$255,500.00",NridgHt,2006
"$335,000.00",NridgHt,2008
"$274,900.00",NridgHt,2004
"$300,000.00",NridgHt,2006
"$324,000.00",NridgHt,2008
"$350,000.00",NridgHt,2004
"$280,000.00",NridgHt,2004
"$284,000.00",NridgHt,2003
"$269,500.00",NridgHt,2003
"$233,170.00",NridgHt,2009
"$386,250.00",NridgHt,2003
"$445,000.00",NridgHt,2003
"$290,000.00",NridgHt,2003
"$255,900.00",NridgHt,2006
"$213,000.00",NridgHt,2005
"$196,000.00",NridgHt,2005
"$184,500.00",NridgHt,2005
"$212,500.00",NridgHt,2007
"$230,000.00",NridgHt,2007
"$552,000.00",NridgHt,2004
"$382,500.00",NridgHt,2003
"$320,000.00",NridgHt,2008
"$248,500.00",NridgHt,2008
"$286,500.00",NridgHt,2002
"$254,000.00",NridgHt,2006
"$173,000.00",NridgHt,2003
"$173,000.00",NridgHt,2003
"$184,000.00",Gilbert,2005
"$167,800.00",Gilbert,2005
"$174,000.00",Gilbert,2005
"$174,000.00",Gilbert,2005
"$174,000.00",Blmngtn,2007
"$175,900.00",Blmngtn,2007
"$192,500.00",Blmngtn,2005
"$181,000.00",Blmngtn,2005
"$180,000.00",Blmngtn,2005
"$160,200.00",Blmngtn,2005
"$188,500.00",Gilbert,2004
"$200,000.00",Gilbert,2002
"$170,000.00",Gilbert,2004
"$189,500.00",Gilbert,2004
"$184,100.00",Gilbert,2002
"$195,500.00",Gilbert,2004
"$192,000.00",Gilbert,2003
"$178,000.00",Gilbert,2003
"$207,500.00",NridgHt,2007
"$236,000.00",Gilbert,2000
"$257,500.00",Gilbert,2002
"$244,000.00",Gilbert,2000
"$167,000.00",Gilbert,2004
"$179,000.00",Gilbert,2000
"$190,000.00",Gilbert,2000
"$156,000.00",Gilbert,1999
"$245,000.00",Gilbert,1999
"$181,000.00",Gilbert,1999
"$214,000.00",Gilbert,1999
"$168,000.00",Gilbert,1999
"$337,000.00",NoRidge,1999
"$403,000.00",NoRidge,1995
"$327,000.00",NoRidge,2000
"$340,000.00",NoRidge,1998
"$336,000.00",NoRidge,1998
"$265,000.00",NoRidge,1996
"$315,000.00",NoRidge,1994
"$260,000.00",NoRidge,1993
"$260,000.00",NoRidge,1995
"$263,550.00",NoRidge,1993
"$402,000.00",NoRidge,1994
"$248,000.00",NoRidge,1994
"$244,600.00",Somerst,2008
"$275,000.00",Somerst,2008
"$257,500.00",Somerst,2008
"$287,090.00",Somerst,2008
"$275,500.00",Somerst,2007
"$245,000.00",Somerst,2006
"$253,000.00",Somerst,2005
"$468,000.00",Somerst,2005
"$252,678.00",Somerst,2009
"$210,000.00",Somerst,2008
"$208,300.00",Somerst,2009
"$225,000.00",Somerst,2008
"$229,456.00",Somerst,2009
"$229,800.00",Somerst,2008
"$250,000.00",Somerst,2007
"$370,878.00",Somerst,2009
"$238,500.00",Somerst,2006
"$310,000.00",Somerst,2008
"$270,000.00",Somerst,2006
"$252,000.00",Somerst,2005
"$241,000.00",Somerst,2006
"$264,500.00",Somerst,2008
"$291,000.00",Somerst,2006
"$263,000.00",Somerst,2003
"$185,000.00",Somerst,2004
"$234,500.00",Somerst,2003
"$209,000.00",Somerst,2003
"$159,000.00",SawyerW,2007
"$152,000.00",SawyerW,2006
"$143,500.00",SawyerW,2004
"$193,000.00",SawyerW,2004
"$203,000.00",SawyerW,2004
"$184,900.00",SawyerW,2003
"$159,000.00",SawyerW,2004
"$142,000.00",SawyerW,2004
"$153,000.00",SawyerW,2003
"$224,243.00",SawyerW,2008
"$220,000.00",SawyerW,1996
"$257,000.00",SawyerW,2005
"$189,000.00",SawyerW,2001
"$171,500.00",SawyerW,1992
"$120,000.00",SawyerW,1980
"$145,000.00",SawyerW,1990
"$184,000.00",SawyerW,1994
"$162,000.00",SawyerW,1986
"$160,000.00",SawyerW,1981
"$82,000.00",SawyerW,1950
"$76,000.00",SawyerW,1928
"$110,000.00",Sawyer,1962
"$135,000.00",Sawyer,1977
"$141,000.00",Sawyer,1961
"$122,000.00",Sawyer,1961
"$124,100.00",Sawyer,1965
"$129,000.00",Sawyer,1963
"$131,400.00",Sawyer,1961
"$62,383.00",Sawyer,1965
"$123,000.00",Sawyer,1962
"$275,000.00",Veenker,1980
"$235,000.00",NoRidge,1991
"$280,750.00",Somerst,2004
"$164,500.00",Somerst,2009
"$173,733.00",Somerst,2009
"$222,000.00",Somerst,2008
"$195,000.00",Somerst,2008
"$172,500.00",Somerst,1999
"$180,000.00",Somerst,2000
"$156,000.00",Somerst,1999
"$172,500.00",Somerst,1999
"$318,750.00",Veenker,1977
"$211,500.00",Greens,1981
"$241,600.00",Veenker,1981
"$180,500.00",Veenker,1976
"$150,000.00",Sawyer,1976
"$154,000.00",NWAmes,1968
"$185,000.00",NWAmes,1970
"$185,750.00",NWAmes,1968
"$200,000.00",NWAmes,1973
"$206,000.00",NWAmes,1974
"$162,000.00",NWAmes,1972
"$256,900.00",NWAmes,1967
"$197,900.00",NWAmes,1967
"$163,000.00",NWAmes,1969
"$113,000.00",NWAmes,1969
"$230,000.00",NWAmes,1977
"$167,900.00",NWAmes,1977
"$213,250.00",NWAmes,1998
"$227,000.00",NWAmes,2001
"$130,000.00",NAmes,1967
"$143,000.00",NAmes,1967
"$117,500.00",NAmes,1965
"$168,500.00",NWAmes,1974
"$172,500.00",NWAmes,1971
"$161,500.00",NWAmes,1967
"$141,500.00",NAmes,1960
"$118,000.00",NAmes,1959
"$127,500.00",NAmes,1959
"$140,000.00",NAmes,1957
"$177,625.00",NAmes,1956
"$110,000.00",NAmes,1958
"$167,000.00",NAmes,1964
"$153,000.00",NAmes,1961
"$145,100.00",NAmes,1964
"$154,000.00",NAmes,1966
"$177,500.00",NAmes,1965
"$158,000.00",NAmes,1964
"$124,500.00",NAmes,1959
"$174,500.00",NAmes,1961
"$122,000.00",NAmes,1955
"$82,500.00",BrkSide,1940
"$110,000.00",BrkSide,1950
"$149,500.00",NAmes,1953
"$175,000.00",NAmes,1967
"$167,000.00",NAmes,1953
"$128,900.00",NAmes,1956
"$140,000.00",NAmes,1950
"$147,000.00",NAmes,1950
"$124,000.00",NAmes,1967
"$187,500.00",NAmes,1961
"$159,000.00",NAmes,1963
"$256,000.00",NAmes,1966
"$205,000.00",NAmes,1965
"$193,500.00",NAmes,1968
"$110,000.00",NAmes,1968
"$104,900.00",NAmes,1920
"$150,000.00",NAmes,1956
"$156,500.00",NAmes,1957
"$176,000.00",NAmes,1960
"$149,500.00",NAmes,1959
"$139,000.00",NAmes,1958
"$155,000.00",NAmes,1958
"$120,000.00",NAmes,1956
"$153,000.00",NAmes,1955
"$144,000.00",NAmes,1956
"$176,000.00",NAmes,1962
"$153,000.00",NAmes,1954
"$135,000.00",NAmes,1958
"$131,000.00",NAmes,1954
"$123,000.00",NAmes,1953
"$126,000.00",NAmes,1951
"$115,000.00",NAmes,1955
"$164,900.00",NAmes,1951
"$113,000.00",NAmes,1945
"$145,500.00",NAmes,1952
"$102,900.00",NAmes,1953
"$95,000.00",OldTown,1900
"$152,500.00",NAmes,1948
"$129,900.00",NAmes,1950
"$132,000.00",NAmes,1948
"$99,900.00",OldTown,1958
"$135,000.00",OldTown,1916
"$149,000.00",OldTown,1939
"$114,000.00",OldTown,1900
"$109,500.00",OldTown,1924
"$125,000.00",OldTown,1925
"$142,900.00",OldTown,1915
"$156,500.00",OldTown,1910
"$59,000.00",OldTown,1940
"$105,000.00",OldTown,1920
"$106,000.00",OldTown,1920
"$78,500.00",OldTown,1890
"$190,000.00",NAmes,1969
"$154,000.00",NAmes,1963
"$163,000.00",NAmes,1967
"$200,000.00",NAmes,1969
"$143,500.00",NAmes,1958
"$135,000.00",NAmes,1957
"$153,000.00",NAmes,1957
"$157,500.00",NAmes,1960
"$113,500.00",NAmes,1958
"$133,000.00",NAmes,1949
"$92,900.00",NAmes,1950
"$128,500.00",NAmes,1950
"$90,000.00",NAmes,1949
"$138,000.00",NAmes,1950
"$128,000.00",NAmes,1958
"$139,000.00",NAmes,1958
"$118,900.00",NAmes,1952
"$138,000.00",NAmes,1959
"$132,500.00",NAmes,1959
"$133,500.00",NAmes,1949
"$135,000.00",NAmes,1948
"$144,750.00",NAmes,1964
"$145,000.00",NAmes,1978
"$127,000.00",NAmes,1963
"$109,500.00",NAmes,1962
"$115,000.00",OldTown,1926
"$110,000.00",OldTown,1910
"$128,900.00",OldTown,1935
"$103,500.00",OldTown,1910
"$66,500.00",OldTown,1941
"$130,000.00",OldTown,1910
"$129,000.00",OldTown,1910
"$150,000.00",OldTown,1939
"$107,500.00",OldTown,1892
"$94,550.00",OldTown,1920
"$124,500.00",OldTown,1952
"$135,000.00",OldTown,1946
"$103,000.00",OldTown,1910
"$93,000.00",OldTown,1953
"$129,500.00",OldTown,1950
"$93,000.00",OldTown,1954
"$80,000.00",OldTown,1920
"$45,000.00",OldTown,1940
"$37,900.00",OldTown,1910
"$91,300.00",OldTown,1938
"$99,500.00",OldTown,1923
"$113,000.00",OldTown,1920
"$87,500.00",OldTown,1910
"$110,000.00",OldTown,1947
"$106,000.00",OldTown,1898
"$265,979.00",OldTown,1880
"$160,000.00",OldTown,1900
"$119,000.00",OldTown,1917
"$168,000.00",OldTown,1882
"$58,500.00",OldTown,1910
"$143,000.00",OldTown,1920
"$85,000.00",OldTown,1910
"$124,900.00",OldTown,1890
"$119,000.00",OldTown,1920
"$146,500.00",OldTown,1910
"$34,900.00",IDOTRR,1920
"$44,000.00",IDOTRR,1900
"$223,500.00",BrkSide,1923
"$149,000.00",BrkSide,1923
"$205,000.00",BrkSide,1925
"$137,000.00",BrkSide,1930
"$121,000.00",BrkSide,1916
"$128,000.00",BrkSide,1936
"$134,900.00",BrkSide,1937
"$117,000.00",BrkSide,1925
"$132,500.00",BrkSide,1939
"$93,000.00",BrkSide,1924
"$119,000.00",BrkSide,1926
"$100,000.00",BrkSide,1924
"$141,500.00",BrkSide,1936
"$133,000.00",BrkSide,1935
"$60,000.00",BrkSide,1936
"$105,000.00",BrkSide,1931
"$115,000.00",BrkSide,1925
"$150,000.00",BrkSide,1938
"$126,500.00",BrkSide,1925
"$214,500.00",BrkSide,1916
"$167,500.00",BrkSide,1910
"$155,000.00",OldTown,1915
"$155,000.00",OldTown,1915
"$179,900.00",OldTown,1915
"$104,000.00",OldTown,1912
"$62,500.00",OldTown,1922
"$149,000.00",IDOTRR,1927
"$103,000.00",IDOTRR,1925
"$123,000.00",OldTown,1915
"$97,500.00",OldTown,1902
"$135,000.00",IDOTRR,1927
"$70,000.00",IDOTRR,1923
"$116,000.00",IDOTRR,1915
"$88,750.00",Sawyer,1946
"$179,000.00",Edwards,1987
"$179,000.00",Edwards,1987
"$159,900.00",Edwards,1978
"$61,000.00",Edwards,1922
"$103,600.00",Edwards,1925
"$63,000.00",Edwards,1934
"$175,000.00",Sawyer,1963
"$139,000.00",Sawyer,1963
"$172,500.00",Sawyer,1978
"$113,500.00",Sawyer,1967
"$130,000.00",Sawyer,1967
"$149,900.00",Sawyer,1978
"$134,900.00",Sawyer,1982
"$137,000.00",Sawyer,1982
"$139,000.00",Sawyer,1962
"$165,000.00",Sawyer,1961
"$148,000.00",Sawyer,1960
"$165,000.00",ClearCr,1956
"$63,900.00",Sawyer,1947
"$161,500.00",ClearCr,1957
"$143,000.00",ClearCr,1968
"$135,000.00",Edwards,1956
"$82,500.00",Edwards,1940
"$190,000.00",ClearCr,1955
"$139,600.00",Edwards,1955
"$122,000.00",Edwards,1954
"$127,500.00",Edwards,1956
"$121,500.00",Edwards,1956
"$60,000.00",Edwards,1958
"$154,400.00",Edwards,1946
"$113,000.00",Edwards,1941
"$125,000.00",Edwards,1954
"$84,000.00",Edwards,1957
"$139,500.00",Edwards,1984
"$131,000.00",Edwards,1949
"$105,000.00",Edwards,1939
"$108,000.00",Edwards,1940
"$162,000.00",SawyerW,1990
"$156,500.00",SawyerW,1983
"$316,600.00",SawyerW,1983
"$271,900.00",SawyerW,1990
"$213,000.00",SawyerW,1993
"$239,900.00",SawyerW,1993
"$239,500.00",SawyerW,1995
"$131,000.00",SawyerW,1880
"$118,964.00",SawyerW,1979
"$153,337.00",SawyerW,1979
"$147,983.00",SawyerW,1979
"$118,858.00",SawyerW,1979
"$118,858.00",SawyerW,1979
"$142,953.00",SawyerW,1979
"$148,325.00",SawyerW,1979
"$113,722.00",SawyerW,1979
"$269,500.00",SawyerW,2000
"$269,500.00",SawyerW,2000
"$269,500.00",SawyerW,2000
"$323,262.00",CollgCr,2009
"$297,000.00",CollgCr,2007
"$295,493.00",CollgCr,2008
"$332,000.00",CollgCr,2008
"$239,900.00",CollgCr,2008
"$212,000.00",CollgCr,2007
"$272,500.00",CollgCr,2007
"$239,000.00",CollgCr,2007
"$220,000.00",CollgCr,2006
"$200,000.00",CollgCr,2007
"$221,800.00",CollgCr,2008
"$194,500.00",CollgCr,2007
"$237,000.00",CollgCr,2005
"$173,000.00",CollgCr,2005
"$275,000.00",SawyerW,1989
"$233,500.00",ClearCr,1992
"$185,000.00",ClearCr,1967
"$152,000.00",CollgCr,1996
"$143,000.00",CollgCr,1994
"$231,500.00",CollgCr,1997
"$212,000.00",CollgCr,1996
"$207,000.00",CollgCr,1998
"$145,000.00",CollgCr,1994
"$138,000.00",CollgCr,1994
"$197,900.00",CollgCr,1998
"$204,000.00",CollgCr,1999
"$192,000.00",CollgCr,1999
"$200,000.00",CollgCr,1998
"$195,000.00",CollgCr,2002
"$227,000.00",CollgCr,2002
"$230,000.00",CollgCr,2001
"$187,100.00",CollgCr,2001
"$203,000.00",CollgCr,2002
"$201,000.00",CollgCr,2001
"$124,000.00",CollgCr,1978
"$140,000.00",CollgCr,1978
"$134,900.00",CollgCr,1979
"$150,500.00",CollgCr,1977
"$136,500.00",CollgCr,1978
"$143,500.00",CollgCr,1977
"$133,500.00",CollgCr,1972
"$123,000.00",CollgCr,1972
"$133,900.00",CollgCr,1972
"$133,000.00",CollgCr,1972
"$250,000.00",CollgCr,2002
"$254,750.00",CollgCr,2003
"$236,500.00",CollgCr,2001
"$261,500.00",CollgCr,2001
"$313,000.00",CollgCr,2000
"$198,500.00",CollgCr,2002
"$211,000.00",CollgCr,2001
"$220,000.00",CollgCr,1999
"$203,000.00",CollgCr,1996
"$279,500.00",CollgCr,2002
"$210,000.00",CollgCr,1997
"$219,500.00",CollgCr,1997
"$191,000.00",CollgCr,1996
"$178,000.00",CollgCr,2001
"$213,000.00",CollgCr,2000
"$144,000.00",CollgCr,2003
"$140,000.00",CollgCr,2003
"$293,200.00",CollgCr,2007
"$190,000.00",CollgCr,2004
"$190,000.00",CollgCr,2004
"$173,500.00",CollgCr,2005
"$170,000.00",CollgCr,2007
"$108,000.00",Edwards,1949
"$167,000.00",Edwards,1964
"$100,000.00",Edwards,1938
"$198,500.00",Edwards,2003
"$159,500.00",Edwards,1977
"$127,000.00",Edwards,1960
"$125,000.00",Edwards,1976
"$320,000.00",Edwards,2007
"$145,500.00",Edwards,2005
"$118,000.00",Edwards,1947
"$85,000.00",Edwards,1959
"$120,000.00",Edwards,1950
"$98,000.00",Edwards,1945
"$99,900.00",Edwards,1922
"$82,000.00",Edwards,1952
"$119,900.00",Edwards,1959
"$103,500.00",Edwards,1956
"$112,000.00",Edwards,1956
"$110,000.00",Edwards,1920
"$122,000.00",Edwards,1941
"$117,000.00",Edwards,1941
"$160,000.00",SWISU,1938
"$159,434.00",SWISU,1932
"$60,000.00",SWISU,1920
"$139,500.00",SWISU,1940
"$197,000.00",SWISU,1920
"$105,000.00",SWISU,1935
"$135,000.00",SWISU,1928
"$147,500.00",Crawfor,1916
"$137,450.00",SWISU,1925
"$155,000.00",SWISU,1936
"$177,000.00",Crawfor,1928
"$145,000.00",SWISU,1928
"$137,000.00",Crawfor,1918
"$234,000.00",Crawfor,1926
"$205,000.00",Crawfor,1940
"$177,500.00",Crawfor,1942
"$160,000.00",Crawfor,1940
"$155,000.00",Crawfor,1960
"$163,500.00",Crawfor,1921
"$154,900.00",Crawfor,1921
"$205,000.00",Crawfor,1940
"$144,800.00",Crawfor,1954
"$174,500.00",Crawfor,1941
"$193,000.00",Crawfor,1960
"$158,000.00",Crawfor,1949
"$158,500.00",Crawfor,1950
"$224,000.00",Crawfor,1954
"$115,000.00",Blueste,1980
"$137,000.00",Blueste,1980
"$121,000.00",Blueste,1980
"$124,000.00",Blueste,1980
"$208,000.00",Crawfor,1986
"$315,000.00",Crawfor,1971
"$222,000.00",Crawfor,1988
"$147,000.00",IDOTRR,1920
"$123,000.00",IDOTRR,1900
"$78,000.00",IDOTRR,1920
"$85,000.00",IDOTRR,1915
"$75,000.00",IDOTRR,1925
"$230,000.00",Crawfor,2007
"$57,625.00",IDOTRR,1910
"$251,000.00",Mitchel,2000
"$239,686.00",Mitchel,2003
"$240,000.00",Mitchel,2004
"$215,000.00",Mitchel,2001
"$156,450.00",Mitchel,1977
"$173,000.00",Mitchel,1977
"$126,000.00",Mitchel,1977
"$173,000.00",Mitchel,1990
"$152,000.00",Mitchel,1991
"$137,500.00",Timber,1958
"$375,000.00",Timber,1965
"$315,500.00",Timber,2007
"$224,500.00",Timber,2009
"$410,000.00",Timber,2008
"$316,500.00",Timber,2008
"$201,000.00",Timber,2007
"$175,000.00",Timber,1988
"$204,000.00",Timber,1980
"$213,500.00",Timber,1987
"$220,000.00",Timber,2001
"$170,000.00",Timber,2003
"$315,000.00",Timber,2006
"$425,000.00",Timber,2007
"$139,500.00",Mitchel,1968
"$115,000.00",Mitchel,1960
"$162,000.00",Mitchel,1998
"$165,000.00",Mitchel,1999
"$91,000.00",MeadowV,1973
"$130,000.00",Mitchel,1968
"$86,000.00",MeadowV,1970
"$160,000.00",Mitchel,1969
"$80,000.00",MeadowV,1970
"$97,000.00",MeadowV,1970
"$88,000.00",MeadowV,1970
"$131,900.00",Mitchel,1972
"$131,250.00",Mitchel,1993
"$165,500.00",Mitchel,1978
"$112,000.00",Mitchel,1985
"$149,000.00",Mitchel,1992
"$143,000.00",Mitchel,1993
"$130,000.00",Mitchel,1992
"$196,000.00",Mitchel,1977
"$173,000.00",Mitchel,1969
"$176,500.00",NAmes,1958
"$237,500.00",NAmes,1970
"$206,900.00",NAmes,1969
"$187,500.00",Gilbert,1997
"$165,000.00",Gilbert,1995
"$195,500.00",Gilbert,1998
"$192,000.00",Gilbert,1998
"$173,000.00",Gilbert,1996
"$177,900.00",Gilbert,1996
"$175,000.00",Gilbert,1996
"$286,000.00",StoneBr,2001
"$247,900.00",StoneBr,1997
"$180,000.00",StoneBr,1993
"$180,000.00",StoneBr,1992
"$181,000.00",Gilbert,1997
"$183,000.00",Gilbert,1998
"$188,000.00",Gilbert,1995
"$194,500.00",Gilbert,1994
"$185,000.00",Gilbert,1991
"$189,000.00",StoneBr,1988
"$188,500.00",StoneBr,1989
"$355,000.00",StoneBr,2005
"$325,000.00",StoneBr,2005
"$387,000.00",StoneBr,2004
"$115,000.00",Gilbert,1952
"$334,000.00",StoneBr,2007
"$133,000.00",Gilbert,1950
"$215,000.00",NWAmes,1986
"$226,500.00",NWAmes,1988
"$175,500.00",NWAmes,1981
"$181,900.00",NWAmes,1983
"$235,000.00",NWAmes,1978
"$220,000.00",NWAmes,1979
"$272,000.00",NWAmes,1977
"$161,000.00",NWAmes,1976
"$175,000.00",NWAmes,1977
"$185,000.00",NWAmes,1980
"$146,900.00",NWAmes,1969
"$292,500.00",NWAmes,1978
"$180,000.00",NWAmes,1976
"$159,900.00",NWAmes,1976
"$205,000.00",NWAmes,1976
"$157,000.00",NWAmes,1973
"$306,000.00",NWAmes,1996
"$133,000.00",NAmes,1974
"$151,000.00",NAmes,1969
"$111,900.00",NAmes,1969
"$123,000.00",NAmes,1971
"$111,250.00",NAmes,1972
"$181,000.00",NAmes,1998
"$103,400.00",BrDale,1973
"$100,000.00",BrDale,1973
"$100,500.00",BrDale,1972
"$106,000.00",BrDale,1970
"$85,400.00",BrDale,1971
"$89,500.00",BrDale,1971
"$111,750.00",BrDale,1972
"$140,000.00",NPkVill,1977
"$143,000.00",NPkVill,1975
"$148,500.00",NPkVill,1977
"$110,000.00",NAmes,1966
"$394,617.00",NridgHt,2008
"$426,000.00",NridgHt,2007
"$385,000.00",NridgHt,2007
"$446,261.00",NridgHt,2008
"$317,500.00",NridgHt,2007
"$372,402.00",NridgHt,2007
"$417,500.00",NridgHt,2007
"$383,000.00",NridgHt,2007
"$390,000.00",NridgHt,2006
"$460,000.00",NridgHt,2005
"$379,000.00",NridgHt,2005
"$250,000.00",NridgHt,2007
"$316,000.00",NridgHt,2004
"$615,000.00",NridgHt,2003
"$412,500.00",NridgHt,2003
"$284,000.00",NridgHt,2003
"$284,000.00",NridgHt,2003
"$421,250.00",NridgHt,2001
"$370,000.00",NridgHt,2003
"$336,860.00",NridgHt,2008
"$367,294.00",NridgHt,2008
"$192,000.00",NridgHt,2005
"$274,000.00",NridgHt,2003
"$266,000.00",NridgHt,2005
"$370,967.00",NridgHt,2007
"$234,250.00",NridgHt,2006
"$219,500.00",NridgHt,2006
"$155,000.00",NridgHt,2003
"$154,000.00",NridgHt,2003
"$207,000.00",NridgHt,2004
"$195,000.00",Blmngtn,2003
"$219,990.00",Blmngtn,2004
"$191,000.00",Blmngtn,2005
"$159,895.00",Blmngtn,2007
"$187,687.00",Blmngtn,2007
"$179,000.00",Gilbert,2004
"$193,000.00",Gilbert,2004
"$190,000.00",Gilbert,2005
"$176,000.00",Gilbert,2005
"$188,000.00",Gilbert,2002
"$213,000.00",Gilbert,2003
"$217,300.00",NridgHt,2007
"$186,500.00",Gilbert,2000
"$226,750.00",Gilbert,2000
"$184,000.00",Gilbert,2004
"$176,000.00",Gilbert,2002
"$225,000.00",Gilbert,1999
"$185,900.00",Gilbert,1999
"$284,500.00",NoRidge,1997
"$315,000.00",NoRidge,1998
"$250,000.00",NoRidge,2000
"$291,000.00",NoRidge,2000
"$350,000.00",NoRidge,1998
"$279,500.00",NoRidge,1996
"$290,000.00",NoRidge,1995
"$350,000.00",NoRidge,1995
"$341,000.00",NoRidge,1993
"$287,500.00",NoRidge,1993
"$271,000.00",NoRidge,1994
"$301,500.00",NoRidge,1994
"$235,128.00",Somerst,2007
"$214,000.00",Somerst,2007
"$232,000.00",Somerst,2006
"$240,000.00",Somerst,2006
"$264,132.00",Somerst,2008
"$245,000.00",Somerst,2007
"$227,680.00",Somerst,2008
"$257,000.00",Somerst,2007
"$297,900.00",Somerst,2007
"$247,000.00",Somerst,2006
"$212,700.00",Somerst,2007
"$250,580.00",Somerst,2007
"$182,000.00",Somerst,2007
"$226,700.00",Somerst,2005
"$250,000.00",Somerst,2003
"$250,000.00",Somerst,2005
"$339,750.00",Somerst,2007
"$205,950.00",Somerst,2007
"$256,000.00",Somerst,2007
"$230,348.00",Somerst,2007
"$207,500.00",Somerst,2003
"$141,000.00",SawyerW,2004
"$188,000.00",SawyerW,2003
"$192,500.00",SawyerW,2003
"$146,000.00",SawyerW,2005
"$159,000.00",SawyerW,2004
"$155,000.00",SawyerW,2003
"$173,000.00",SawyerW,2004
"$170,000.00",SawyerW,2007
"$182,000.00",SawyerW,1995
"$163,000.00",SawyerW,1993
"$193,500.00",SawyerW,1994
"$189,000.00",SawyerW,1994
"$190,500.00",SawyerW,2001
"$175,000.00",SawyerW,1992
"$179,200.00",SawyerW,1991
"$187,000.00",SawyerW,1993
"$193,000.00",SawyerW,1993
"$153,900.00",SawyerW,1993
"$128,000.00",Sawyer,1963
"$144,000.00",Sawyer,1962
"$135,000.00",Sawyer,1961
"$115,000.00",Sawyer,1968
"$119,916.00",Sawyer,1963
"$142,000.00",Sawyer,1961
"$192,000.00",Veenker,1974
"$140,000.00",Sawyer,1972
"$290,000.00",NoRidge,1990
"$372,500.00",NoRidge,1993
"$196,000.00",Somerst,2004
"$171,900.00",Somerst,2006
"$178,000.00",Somerst,2004
"$165,000.00",Somerst,2005
"$146,000.00",Somerst,2007
"$146,000.00",Somerst,2007
"$179,400.00",Somerst,1999
"$172,900.00",Somerst,1999
"$300,000.00",Somerst,2000
"$285,000.00",Somerst,2001
"$290,000.00",Somerst,2001
"$305,000.00",Somerst,1999
"$328,900.00",Somerst,1999
"$160,000.00",Somerst,1999
"$170,000.00",Somerst,1999
"$223,000.00",Somerst,2001
"$170,000.00",Somerst,1999
"$200,000.00",Somerst,1999
"$345,000.00",Somerst,1998
"$245,500.00",Veenker,1996
"$217,500.00",Veenker,1995
"$324,000.00",Veenker,1993
"$162,500.00",Veenker,1984
"$150,000.00",Veenker,1977
"$290,000.00",Veenker,1976
"$205,000.00",Somerst,2002
"$174,000.00",NWAmes,1970
"$183,000.00",NWAmes,1969
"$150,000.00",NWAmes,1968
"$145,000.00",NWAmes,1971
"$215,000.00",NWAmes,1967
"$140,500.00",NWAmes,1965
"$240,000.00",NWAmes,1974
"$141,000.00",NAmes,1968
"$147,000.00",NAmes,1965
"$135,000.00",NAmes,1965
"$145,000.00",NAmes,1965
"$142,600.00",NAmes,1965
"$135,000.00",NWAmes,1973
"$170,000.00",NWAmes,1971
"$299,800.00",NWAmes,1976
"$185,000.00",NWAmes,1974
"$173,000.00",NWAmes,1966
"$178,400.00",NAmes,1961
"$176,000.00",NWAmes,1968
"$98,000.00",NAmes,1956
"$109,008.00",NAmes,1957
"$135,750.00",NAmes,1956
"$155,000.00",NAmes,1963
"$180,500.00",NAmes,1964
"$174,900.00",NAmes,1966
"$140,000.00",NAmes,1965
"$145,000.00",NAmes,1964
"$179,900.00",NAmes,1965
"$168,500.00",NAmes,1964
"$140,000.00",NAmes,1961
"$145,500.00",NAmes,1959
"$142,000.00",NAmes,1959
"$141,000.00",NAmes,1960
"$153,000.00",NAmes,1960
"$72,500.00",BrkSide,1949
"$52,000.00",BrkSide,1935
"$118,000.00",BrkSide,1939
"$87,000.00",BrkSide,1937
"$141,500.00",NAmes,1960
"$119,000.00",NAmes,1950
"$141,500.00",NAmes,1950
"$165,500.00",NAmes,1955
"$112,900.00",NAmes,1953
"$201,800.00",NAmes,1965
"$163,000.00",NAmes,1961
"$139,950.00",NAmes,1961
"$174,000.00",NAmes,1962
"$165,000.00",NAmes,1962
"$227,000.00",NAmes,1966
"$135,000.00",NAmes,1955
"$124,000.00",NAmes,1963
"$140,000.00",NAmes,1962
"$136,500.00",NAmes,1957
"$185,000.00",NAmes,1959
"$163,000.00",NAmes,1958
"$166,800.00",NAmes,1958
"$139,000.00",NAmes,1956
"$166,000.00",NAmes,1957
"$136,000.00",NAmes,1958
"$133,000.00",NAmes,1956
"$116,000.00",NAmes,1952
"$137,500.00",NAmes,1953
"$130,000.00",NAmes,1953
"$180,000.00",NAmes,1957
"$139,000.00",NAmes,1951
"$110,000.00",NAmes,1953
"$100,000.00",NAmes,1957
"$118,500.00",NAmes,1947
"$146,000.00",NAmes,1957
"$89,900.00",OldTown,1948
"$114,000.00",OldTown,1925
"$140,000.00",NAmes,1945
"$86,900.00",OldTown,1940
"$139,000.00",OldTown,1922
"$106,250.00",OldTown,1900
"$171,000.00",NAmes,1962
"$139,000.00",NAmes,1968
"$186,000.00",NAmes,1958
"$157,000.00",NAmes,1960
"$148,000.00",NAmes,1960
"$242,000.00",NAmes,1960
"$116,000.00",NAmes,1953
"$94,000.00",NAmes,1951
"$98,300.00",NAmes,1950
"$127,000.00",NAmes,1960
"$159,000.00",NAmes,1959
"$125,900.00",NAmes,1962
"$155,000.00",NAmes,1960
"$138,000.00",NAmes,1948
"$112,500.00",NAmes,1954
"$105,500.00",NAmes,1954
"$127,500.00",NAmes,1954
"$130,000.00",NAmes,1961
"$150,000.00",NAmes,1955
"$109,500.00",NAmes,1954
"$140,000.00",NAmes,1963
"$167,900.00",NAmes,1964
"$136,870.00",NAmes,1963
"$143,000.00",OldTown,2008
"$73,000.00",OldTown,1925
"$157,500.00",OldTown,1904
"$122,600.00",OldTown,1948
"$111,000.00",OldTown,1910
"$256,000.00",OldTown,1920
"$64,000.00",OldTown,1940
"$139,500.00",OldTown,1915
"$118,000.00",OldTown,1910
"$200,000.00",OldTown,2003
"$119,164.00",OldTown,1940
"$122,250.00",OldTown,1920
"$120,000.00",OldTown,1920
"$155,000.00",OldTown,1940
"$78,000.00",OldTown,1910
"$95,000.00",OldTown,1890
"$115,000.00",OldTown,1948
"$147,000.00",OldTown,1948
"$140,000.00",OldTown,1946
"$46,500.00",OldTown,1946
"$112,500.00",OldTown,1957
"$107,900.00",OldTown,1954
"$65,000.00",OldTown,1949
"$295,000.00",OldTown,1880
"$139,500.00",OldTown,1900
"$153,900.00",OldTown,1915
"$132,000.00",OldTown,1920
"$98,000.00",OldTown,1916
"$114,000.00",OldTown,1900
"$130,000.00",OldTown,1920
"$129,500.00",OldTown,1917
"$129,400.00",OldTown,1905
"$161,000.00",OldTown,1928
"$163,000.00",OldTown,1905
"$128,000.00",OldTown,1914
"$122,000.00",OldTown,1872
"$116,900.00",OldTown,1926
"$325,000.00",OldTown,1893
"$55,000.00",OldTown,1920
"$184,000.00",OldTown,1890
"$110,000.00",OldTown,1959
"$131,500.00",OldTown,1954
"$97,000.00",OldTown,1956
"$115,500.00",OldTown,1958
"$138,000.00",BrkSide,1928
"$108,000.00",BrkSide,1945
"$79,500.00",BrkSide,1930
"$153,000.00",BrkSide,1935
"$109,500.00",BrkSide,1924
"$124,000.00",BrkSide,1941
"$106,900.00",BrkSide,1900
"$164,900.00",BrkSide,1940
"$119,000.00",BrkSide,1924
"$120,000.00",BrkSide,1929
"$157,000.00",BrkSide,1937
"$105,000.00",BrkSide,1939
"$113,000.00",BrkSide,1926
"$115,000.00",BrkSide,1920
"$79,000.00",BrkSide,1946
"$123,000.00",BrkSide,1929
"$81,300.00",BrkSide,1945
"$162,900.00",BrkSide,1930
"$150,000.00",BrkSide,1939
"$123,500.00",OldTown,1923
"$129,900.00",OldTown,1931
"$128,000.00",BrkSide,1920
"$68,500.00",BrkSide,1927
"$127,000.00",BrkSide,1948
"$207,000.00",BrkSide,1923
"$184,000.00",BrkSide,1925
"$162,500.00",BrkSide,1915
"$145,000.00",BrkSide,1940
"$130,000.00",BrkSide,1918
"$160,000.00",OldTown,1910
"$161,000.00",OldTown,1925
"$127,500.00",OldTown,1910
"$93,850.00",IDOTRR,1930
"$136,000.00",IDOTRR,1952
"$141,000.00",IDOTRR,1938
"$120,000.00",IDOTRR,1915
"$127,500.00",IDOTRR,1925
"$127,000.00",IDOTRR,1925
"$89,500.00",IDOTRR,1920
"$125,000.00",OldTown,1955
"$79,900.00",OldTown,1920
"$85,000.00",IDOTRR,1912
"$82,375.00",IDOTRR,1915
"$135,000.00",IDOTRR,1906
"$124,000.00",Sawyer,1947
"$134,000.00",Sawyer,1968
"$135,000.00",Sawyer,1948
"$134,432.00",ClearCr,1959
"$127,500.00",Edwards,1940
"$148,000.00",Sawyer,1963
"$129,500.00",Sawyer,1965
"$157,500.00",Sawyer,1978
"$109,900.00",Sawyer,1966
"$145,000.00",Sawyer,1967
"$130,000.00",Sawyer,1967
"$153,000.00",Sawyer,1978
"$120,000.00",Sawyer,1967
"$152,000.00",Sawyer,1984
"$108,959.00",Sawyer,1969
"$95,541.00",Sawyer,1920
"$80,000.00",Sawyer,1959
"$149,350.00",Sawyer,1966
"$144,900.00",Sawyer,1963
"$185,000.00",Sawyer,1956
"$165,000.00",Sawyer,1954
"$235,000.00",ClearCr,1960
"$140,000.00",Sawyer,1958
"$108,000.00",Sawyer,1940
"$145,000.00",ClearCr,1960
"$152,400.00",Sawyer,1941
"$144,000.00",Sawyer,1970
"$173,000.00",ClearCr,1996
"$192,000.00",ClearCr,1977
"$245,000.00",ClearCr,1979
"$241,500.00",ClearCr,1954
"$256,000.00",ClearCr,1954
"$177,000.00",Edwards,1959
"$125,600.00",Edwards,1948
"$155,000.00",Edwards,1953
"$240,000.00",ClearCr,1908
"$260,000.00",Edwards,1940
"$185,000.00",Edwards,1918
"$235,000.00",Edwards,1935
"$159,900.00",Edwards,1956
"$99,600.00",Edwards,1975
"$134,500.00",Edwards,1962
"$119,000.00",Edwards,1900
"$107,500.00",Edwards,1910
"$125,000.00",Edwards,1950
"$79,000.00",Edwards,1924
"$95,000.00",Edwards,1941
"$262,280.00",SawyerW,1990
"$260,000.00",SawyerW,1995
"$226,500.00",SawyerW,1994
"$225,000.00",SawyerW,1993
"$229,000.00",SawyerW,1996
"$177,439.00",CollgCr,2007
"$248,500.00",CollgCr,2007
"$475,000.00",CollgCr,2008
"$395,039.00",CollgCr,2008
"$228,000.00",SawyerW,1993
"$225,000.00",SawyerW,1995
"$195,000.00",ClearCr,1966
"$200,000.00",ClearCr,1997
"$155,000.00",CollgCr,1994
"$144,000.00",CollgCr,1995
"$145,000.00",CollgCr,1994
"$226,001.00",CollgCr,1997
"$215,700.00",CollgCr,1997
"$207,500.00",CollgCr,2000
"$193,000.00",CollgCr,1999
"$188,000.00",CollgCr,1998
"$191,000.00",CollgCr,1999
"$221,000.00",CollgCr,2002
"$231,500.00",CollgCr,2001
"$235,000.00",CollgCr,2000
"$223,500.00",CollgCr,2001
"$130,250.00",CollgCr,1975
"$149,900.00",CollgCr,1977
"$158,000.00",CollgCr,1978
"$147,000.00",CollgCr,1978
"$143,195.00",CollgCr,1975
"$163,000.00",CollgCr,1975
"$110,000.00",CollgCr,1975
"$127,000.00",CollgCr,1972
"$124,900.00",CollgCr,1972
"$230,000.00",CollgCr,2002
"$237,000.00",CollgCr,2002
"$235,000.00",CollgCr,2000
"$230,500.00",CollgCr,2001
"$230,000.00",CollgCr,1999
"$222,500.00",CollgCr,1998
"$287,000.00",CollgCr,2001
"$274,000.00",CollgCr,2001
"$300,000.00",CollgCr,2002
"$255,900.00",CollgCr,2002
"$224,900.00",CollgCr,2003
"$240,000.00",CollgCr,2003
"$183,000.00",CollgCr,2003
"$207,000.00",CollgCr,1999
"$210,000.00",CollgCr,1994
"$136,500.00",CollgCr,2003
"$145,000.00",CollgCr,2004
"$208,900.00",CollgCr,1997
"$185,000.00",CollgCr,1997
"$214,000.00",CollgCr,2002
"$208,500.00",CollgCr,2003
"$186,500.00",CollgCr,2004
"$210,000.00",CollgCr,2004
"$185,900.00",CollgCr,2004
"$179,900.00",CollgCr,2007
"$218,836.00",CollgCr,2007
"$193,000.00",CollgCr,2007
"$189,000.00",CollgCr,2005
"$149,300.00",CollgCr,2004
"$141,000.00",CollgCr,2004
"$149,000.00",CollgCr,2004
"$144,500.00",CollgCr,2004
"$85,000.00",Edwards,1910
"$145,900.00",Edwards,1900
"$123,000.00",Edwards,1966
"$147,500.00",Edwards,1965
"$165,000.00",Edwards,1976
"$135,000.00",Edwards,1976
"$108,000.00",Edwards,1940
"$137,500.00",Edwards,1972
"$165,400.00",Edwards,2003
"$147,000.00",Edwards,1977
"$160,500.00",Edwards,1976
"$176,000.00",Edwards,2005
"$284,700.00",Edwards,1959
"$160,000.00",Edwards,2008
"$148,000.00",Edwards,2005
"$82,000.00",Edwards,1955
"$82,000.00",Edwards,1955
"$118,000.00",Edwards,1955
"$82,500.00",Edwards,1955
"$91,900.00",Edwards,1955
"$120,000.00",Edwards,1938
"$96,000.00",Edwards,1947
"$99,000.00",Edwards,1953
"$130,500.00",Edwards,1946
"$135,000.00",Edwards,1954
"$135,500.00",Edwards,1955
"$100,000.00",Edwards,1954
"$108,000.00",Edwards,1923
"$98,000.00",Edwards,1925
"$67,000.00",Edwards,1914
"$135,900.00",SWISU,1912
"$140,000.00",SWISU,1925
"$179,500.00",SWISU,1939
"$136,500.00",SWISU,1925
"$168,000.00",SWISU,1921
"$130,000.00",SWISU,1911
"$189,000.00",SWISU,1921
"$161,900.00",SWISU,1930
"$145,000.00",Crawfor,1926
"$191,000.00",Crawfor,1922
"$177,000.00",Crawfor,1915
"$147,500.00",Crawfor,1914
"$91,000.00",SWISU,1930
"$231,000.00",Crawfor,1925
"$115,000.00",SWISU,1936
"$138,000.00",Crawfor,1923
"$149,000.00",Crawfor,1931
"$188,700.00",Crawfor,1934
"$198,000.00",Crawfor,1937
"$110,000.00",Crawfor,1938
"$104,000.00",Crawfor,1951
"$257,076.00",Crawfor,1935
"$381,000.00",Crawfor,1935
"$311,500.00",Crawfor,1939
"$263,400.00",Crawfor,1950
"$236,500.00",Crawfor,1956
"$224,000.00",Crawfor,1954
"$116,500.00",Blueste,1980
"$151,000.00",Blueste,1980
"$126,000.00",IDOTRR,1926
"$120,000.00",IDOTRR,1940
"$55,000.00",IDOTRR,1922
"$120,500.00",IDOTRR,1930
"$120,500.00",IDOTRR,1940
"$119,000.00",IDOTRR,1930
"$126,000.00",IDOTRR,1967
"$99,500.00",IDOTRR,1930
"$165,500.00",IDOTRR,1958
"$13,100.00",IDOTRR,1952
"$89,000.00",IDOTRR,1895
"$40,000.00",IDOTRR,1920
"$80,900.00",IDOTRR,1910
"$81,000.00",IDOTRR,1935
"$65,000.00",IDOTRR,1920
"$392,500.00",Crawfor,2008
"$294,464.00",Crawfor,2007
"$250,000.00",Crawfor,2004
"$275,000.00",Crawfor,2004
"$300,000.00",Mitchel,1996
"$271,000.00",Mitchel,2002
"$213,000.00",Mitchel,1996
"$171,000.00",Mitchel,1977
"$171,500.00",Mitchel,1977
"$100,000.00",Mitchel,1976
"$228,500.00",Mitchel,1991
"$228,950.00",Timber,1965
"$241,500.00",Timber,1986
"$287,000.00",Timber,1976
"$294,000.00",Timber,2006
"$293,077.00",Timber,2007
"$264,966.00",Timber,2007
"$172,500.00",Timber,2006
"$167,500.00",Timber,2006
"$218,689.00",Timber,2008
"$150,000.00",Timber,1989
"$184,000.00",Timber,1986
"$180,000.00",Timber,1986
"$175,000.00",Timber,1988
"$232,500.00",Timber,2003
"$195,000.00",Timber,1999
"$305,000.00",Timber,2003
"$298,751.00",Timber,2007
"$370,000.00",Timber,2005
"$209,200.00",Mitchel,1997
"$206,300.00",Mitchel,1997
"$146,000.00",Mitchel,2007
"$160,500.00",Mitchel,1997
"$173,000.00",Mitchel,1964
"$124,000.00",MeadowV,1975
"$115,000.00",MeadowV,1976
"$129,500.00",MeadowV,1976
"$105,000.00",MeadowV,1973
"$94,900.00",MeadowV,1973
"$152,500.00",Mitchel,1968
"$98,000.00",MeadowV,1970
"$81,000.00",MeadowV,1972
"$113,000.00",Mitchel,1954
"$128,500.00",Mitchel,1983
"$119,500.00",Mitchel,1984
"$130,500.00",Mitchel,1982
"$138,000.00",Mitchel,1982
"$134,500.00",Mitchel,1982
"$160,000.00",Mitchel,1940
"$137,500.00",Mitchel,1984
"$172,000.00",Mitchel,1969
"$103,000.00",IDOTRR,1900
"$167,300.00",NAmes,1971
"$167,000.00",NAmes,1970
"$244,000.00",NAmes,1973
"$268,000.00",NAmes,1970
"$225,000.00",Gilbert,2003
"$168,000.00",Gilbert,1995
"$177,000.00",Gilbert,1997
"$169,000.00",Gilbert,1997
"$161,500.00",Gilbert,1997
"$251,000.00",StoneBr,2000
"$160,000.00",Gilbert,1994
"$180,000.00",Gilbert,1999
"$178,750.00",Gilbert,1996
"$176,000.00",Gilbert,1995
"$204,000.00",Gilbert,1999
"$160,000.00",Gilbert,1992
"$160,000.00",Gilbert,1991
"$163,900.00",Gilbert,1992
"$168,000.00",Gilbert,1993
"$154,204.00",Gilbert,1964
"$170,000.00",StoneBr,1986
"$207,500.00",StoneBr,1984
"$182,000.00",StoneBr,1988
"$212,000.00",StoneBr,1990
"$377,426.00",StoneBr,2005
"$349,265.00",StoneBr,2005
"$591,587.00",StoneBr,2006
"$155,000.00",Gilbert,1969
"$319,900.00",StoneBr,2006
"$392,000.00",StoneBr,2007
"$441,929.00",StoneBr,2006
"$455,000.00",StoneBr,2006
"$182,900.00",NWAmes,1981
"$174,000.00",NWAmes,1984
"$178,000.00",NWAmes,1984
"$176,000.00",NWAmes,1981
"$213,000.00",NWAmes,1978
"$192,000.00",NWAmes,1979
"$190,000.00",NWAmes,1977
"$195,000.00",NWAmes,1976
"$148,000.00",NWAmes,1978
"$151,500.00",NWAmes,1984
"$197,000.00",NWAmes,1979
"$192,350.00",NWAmes,1979
"$152,000.00",NWAmes,1969
"$170,000.00",NWAmes,1971
"$175,000.00",NWAmes,1971
"$175,000.00",NWAmes,1968
"$197,900.00",NWAmes,1976
"$174,000.00",NWAmes,1976
"$178,900.00",NWAmes,1974
"$139,000.00",NAmes,1971
"$143,250.00",NAmes,1971
"$184,000.00",NAmes,1972
"$155,000.00",NAmes,1970
"$133,000.00",NAmes,1970
"$119,500.00",NAmes,1971
"$123,000.00",NAmes,1971
"$110,000.00",NAmes,1971
"$128,000.00",NAmes,1961
"$120,500.00",NAmes,1971
"$133,000.00",NAmes,1998
"$155,000.00",NAmes,2001
"$177,000.00",NAmes,1997
"$113,500.00",BrDale,1973
"$113,000.00",BrDale,1973
"$113,700.00",BrDale,1973
"$106,000.00",BrDale,1970
"$122,500.00",BrDale,1971
"$128,000.00",NPkVill,1976
"$155,000.00",NPkVill,1976
"$142,500.00",NPkVill,1978
"$129,250.00",NAmes,1966
"$356,000.00",NridgHt,2006
"$314,813.00",NridgHt,2007
"$318,000.00",NridgHt,2007
"$322,400.00",NridgHt,2006
"$318,000.00",NridgHt,2007
"$345,474.00",NridgHt,2007
"$415,298.00",NridgHt,2006
"$492,000.00",NridgHt,2007
"$338,931.00",NridgHt,2006
"$450,000.00",NridgHt,2005
"$280,000.00",NridgHt,2006
"$479,069.00",NridgHt,2007
"$395,000.00",NridgHt,2006
"$380,000.00",NridgHt,2006
"$250,000.00",NridgHt,2006
"$440,000.00",NridgHt,2006
"$418,000.00",NridgHt,2005
"$500,067.00",NridgHt,2007
"$260,116.00",NridgHt,2007
"$317,000.00",NridgHt,2004
"$319,500.00",NridgHt,2007
"$325,624.00",NridgHt,2007
"$372,000.00",NridgHt,2006
"$342,000.00",NridgHt,2004
"$354,000.00",NridgHt,2004
"$350,000.00",NridgHt,2003
"$285,000.00",NridgHt,2003
"$281,500.00",NridgHt,2007
"$245,700.00",NridgHt,2005
"$232,698.00",NridgHt,2005
"$250,000.00",NridgHt,2006
"$194,700.00",NridgHt,2005
"$204,000.00",NridgHt,2005
"$200,000.00",NridgHt,2005
"$207,000.00",NridgHt,2005
"$209,500.00",NridgHt,2006
"$209,500.00",NridgHt,2006
"$202,500.00",NridgHt,2006
"$280,000.00",NridgHt,2005
"$277,500.00",NridgHt,2005
"$318,061.00",NridgHt,2007
"$221,370.00",NridgHt,2006
"$200,000.00",NridgHt,2003
"$181,755.00",Gilbert,2007
"$176,000.00",Gilbert,2005
"$178,900.00",Gilbert,2005
"$168,165.00",Gilbert,2006
"$171,925.00",Gilbert,2006
"$198,444.00",Gilbert,2006
"$203,000.00",Gilbert,2005
"$179,540.00",Gilbert,2007
"$176,485.00",Gilbert,2007
"$181,134.00",Gilbert,2007
"$156,932.00",Gilbert,2006
"$166,000.00",Gilbert,2007
"$177,594.00",Gilbert,2007
"$173,500.00",Gilbert,2007
"$172,500.00",Blmngtn,2006
"$194,201.00",Blmngtn,2006
"$226,500.00",Blmngtn,2003
"$185,485.00",Blmngtn,2007
"$259,000.00",Gilbert,2004
"$188,500.00",Gilbert,2004
"$175,000.00",Gilbert,2004
"$215,000.00",Gilbert,2004
"$206,580.00",Gilbert,2006
"$183,500.00",Gilbert,2004
"$165,500.00",Gilbert,2003
"$211,000.00",Gilbert,2003
"$181,000.00",Gilbert,2000
"$219,500.00",Gilbert,2002
"$175,000.00",Gilbert,1999
"$170,000.00",Gilbert,2000
"$162,000.00",Gilbert,2003
"$187,000.00",Gilbert,2000
"$185,000.00",Gilbert,1999
"$745,000.00",NoRidge,1996
"$384,500.00",NoRidge,1997
"$248,000.00",NoRidge,2000
"$466,500.00",NoRidge,2001
"$410,000.00",NoRidge,1998
"$322,500.00",NoRidge,1998
"$252,000.00",NoRidge,1998
"$755,000.00",NoRidge,1994
"$269,790.00",NoRidge,1996
"$315,750.00",NoRidge,1996
"$290,000.00",NoRidge,1995
"$290,000.00",NoRidge,1995
"$430,000.00",NoRidge,1992
"$263,000.00",NoRidge,1992
"$330,000.00",NoRidge,1996
"$213,133.00",Somerst,2007
"$260,261.00",Somerst,2007
"$320,000.00",Somerst,2006
"$282,922.00",Somerst,2007
"$215,000.00",Somerst,2006
"$419,005.00",Somerst,2007
"$255,000.00",Somerst,2006
"$147,000.00",Somerst,2006
"$235,876.00",Somerst,2007
"$311,872.00",Somerst,2007
"$248,328.00",Somerst,2007
"$227,000.00",Somerst,2006
"$260,000.00",Somerst,2005
"$225,000.00",Somerst,2007
"$249,000.00",Somerst,2005
"$307,000.00",Somerst,2004
"$250,000.00",Somerst,2006
"$221,300.00",Somerst,2006
"$208,900.00",Somerst,2007
"$210,400.00",Somerst,2006
"$255,000.00",Somerst,2007
"$212,109.00",Somerst,2007
"$270,000.00",Somerst,2006
"$303,477.00",Somerst,2007
"$310,013.00",Somerst,2007
"$249,700.00",Somerst,2006
"$227,875.00",Somerst,2007
"$261,329.00",Somerst,2007
"$253,000.00",Somerst,2006
"$265,000.00",Somerst,2004
"$340,000.00",Somerst,2004
"$146,000.00",SawyerW,2006
"$147,000.00",SawyerW,2006
"$149,000.00",SawyerW,2003
"$181,000.00",SawyerW,2006
"$201,000.00",SawyerW,1994
"$191,750.00",SawyerW,1993
"$179,000.00",SawyerW,2000
"$215,000.00",SawyerW,1998
"$179,200.00",SawyerW,1992
"$128,000.00",SawyerW,1980
"$144,000.00",SawyerW,1983
"$144,000.00",SawyerW,1977
"$120,750.00",Sawyer,1977
"$132,500.00",Sawyer,1963
"$132,000.00",Sawyer,1962
"$132,500.00",Sawyer,1962
"$129,000.00",Sawyer,1961
"$143,900.00",Sawyer,1962
"$145,000.00",Sawyer,1968
"$128,500.00",Sawyer,1961
"$125,500.00",Sawyer,1967
"$300,000.00",Veenker,1990
"$294,000.00",Veenker,1974
"$129,000.00",Sawyer,1974
"$171,000.00",Sawyer,1975
"$147,000.00",Sawyer,1973
"$302,000.00",NoRidge,1990
"$285,000.00",NoRidge,1992
"$214,000.00",Somerst,2004
"$166,000.00",Somerst,2006
"$193,800.00",Somerst,2006
"$208,900.00",Somerst,2006
"$194,000.00",Somerst,2006
"$207,500.00",Somerst,2006
"$199,900.00",Somerst,2006
"$164,700.00",Somerst,2006
"$176,500.00",Somerst,1999
"$176,000.00",Somerst,1999
"$168,500.00",Somerst,2000
"$177,000.00",Somerst,2000
"$177,000.00",Somerst,2000
"$148,800.00",Somerst,2004
"$174,000.00",Somerst,1999
"$239,000.00",Somerst,1997
"$204,000.00",Somerst,1999
"$301,000.00",Somerst,2003
"$312,500.00",Somerst,1998
"$279,700.00",Veenker,1994
"$255,000.00",Veenker,1980
"$194,000.00",Veenker,1978
"$218,000.00",Veenker,1976
"$213,750.00",Greens,1978
"$187,000.00",Veenker,1976
"$181,500.00",Veenker,1976
"$373,000.00",Veenker,1981
"$190,000.00",Sawyer,1977
"$226,000.00",Somerst,2001
"$143,450.00",NWAmes,1968
"$240,050.00",NWAmes,1970
"$162,500.00",NWAmes,1969
"$164,000.00",NWAmes,1968
"$185,000.00",NWAmes,1972
"$188,500.00",NWAmes,1993
"$255,000.00",NWAmes,1993
"$136,905.00",NWAmes,1976
"$158,500.00",NWAmes,1966
"$175,500.00",NWAmes,1973
"$127,000.00",NWAmes,1963
"$127,000.00",NAmes,1967
"$143,000.00",NAmes,1967
"$156,000.00",NAmes,1965
"$144,000.00",NAmes,1958
"$119,000.00",NAmes,1964
"$103,000.00",NAmes,1964
"$139,900.00",NAmes,1960
"$151,500.00",NAmes,1960
"$126,500.00",NAmes,1960
"$145,000.00",NAmes,1958
"$120,000.00",NAmes,1958
"$124,000.00",NAmes,1956
"$106,500.00",NAmes,1959
"$140,500.00",NAmes,1961
"$137,500.00",NAmes,1961
"$117,600.00",NAmes,1960
"$163,500.00",NAmes,1966
"$161,000.00",NAmes,1965
"$158,000.00",NAmes,1964
"$224,500.00",NAmes,1964
"$147,000.00",NAmes,1964
"$200,000.00",NAmes,1959
"$181,900.00",NAmes,1960
"$150,750.00",NAmes,1959
"$101,800.00",NAmes,1962
"$124,000.00",NAmes,1950
"$138,500.00",NAmes,1940
"$39,300.00",BrkSide,1946
"$64,500.00",BrkSide,1946
"$64,000.00",BrkSide,1945
"$112,000.00",BrkSide,1958
"$165,000.00",NAmes,1964
"$144,000.00",NAmes,1955
"$137,000.00",NAmes,1948
"$105,000.00",NAmes,1941
"$146,500.00",NAmes,1942
"$126,000.00",NAmes,1968
"$175,000.00",NAmes,1966
"$158,500.00",NAmes,1961
"$114,500.00",NAmes,1958
"$144,000.00",NAmes,1958
"$129,000.00",NAmes,1965
"$141,000.00",NAmes,1957
"$131,000.00",NAmes,1956
"$142,100.00",NAmes,1963
"$139,000.00",NAmes,1958
"$157,900.00",NAmes,1958
"$139,400.00",NAmes,1954
"$150,000.00",NAmes,1957
"$120,000.00",NAmes,1960
"$174,850.00",NAmes,1957
"$116,000.00",NAmes,1957
"$135,000.00",NAmes,1956
"$163,500.00",NAmes,1970
"$130,000.00",NAmes,1955
"$129,500.00",NAmes,1955
"$142,000.00",NAmes,1953
"$128,600.00",NAmes,1958
"$125,000.00",NAmes,1952
"$136,000.00",NAmes,1953
"$134,500.00",NAmes,1953
"$127,000.00",NAmes,1956
"$130,000.00",NAmes,1955
"$115,000.00",NAmes,1955
"$116,900.00",NAmes,1955
"$132,000.00",NAmes,1956
"$153,000.00",NAmes,1953
"$112,500.00",OldTown,1952
"$138,000.00",OldTown,1890
"$135,000.00",NAmes,1949
"$156,000.00",NAmes,1953
"$301,600.00",NAmes,1935
"$109,000.00",OldTown,1940
"$103,200.00",OldTown,1956
"$128,500.00",OldTown,1925
"$64,500.00",OldTown,1927
"$148,000.00",OldTown,1895
"$86,000.00",OldTown,1920
"$172,000.00",NAmes,1963
"$120,000.00",NAmes,1961
"$128,500.00",NAmes,1968
"$135,000.00",NAmes,1969
"$122,900.00",NAmes,1949
"$119,200.00",NAmes,1948
"$143,000.00",NAmes,1949
"$119,000.00",NAmes,1950
"$102,000.00",NAmes,1950
"$129,000.00",NAmes,1950
"$135,000.00",NAmes,1960
"$152,000.00",NAmes,1959
"$140,000.00",NAmes,1958
"$152,000.00",NAmes,1960
"$156,500.00",NAmes,1960
"$141,000.00",NAmes,1961
"$99,000.00",NAmes,1961
"$187,000.00",NAmes,1964
"$169,500.00",NAmes,1962
"$125,500.00",NAmes,1962
"$130,000.00",NAmes,1962
"$103,000.00",OldTown,1926
"$132,000.00",OldTown,1910
"$127,500.00",OldTown,1927
"$89,500.00",OldTown,1922
"$140,000.00",OldTown,1980
"$99,900.00",OldTown,1920
"$100,000.00",OldTown,1885
"$130,000.00",OldTown,1940
"$135,000.00",OldTown,1900
"$120,000.00",OldTown,1948
"$89,471.00",OldTown,1937
"$85,000.00",OldTown,1900
"$108,500.00",OldTown,1920
"$137,000.00",OldTown,1900
"$110,500.00",OldTown,1945
"$100,000.00",OldTown,1923
"$184,900.00",OldTown,1910
"$145,000.00",OldTown,1927
"$125,000.00",OldTown,1925
"$114,000.00",OldTown,1910
"$90,000.00",OldTown,1900
"$144,100.00",OldTown,1910
"$117,500.00",OldTown,1880
"$124,500.00",OldTown,1930
"$185,000.00",OldTown,1879
"$133,900.00",OldTown,1910
"$152,000.00",OldTown,1926
"$153,500.00",OldTown,1948
"$159,500.00",OldTown,1890
"$87,000.00",OldTown,1930
"$104,500.00",OldTown,1956
"$110,000.00",OldTown,1949
"$136,500.00",BrkSide,1925
"$128,250.00",BrkSide,1950
"$144,000.00",BrkSide,1920
"$210,000.00",BrkSide,1923
"$135,000.00",BrkSide,1939
"$128,000.00",BrkSide,1939
"$131,000.00",BrkSide,1941
"$113,000.00",BrkSide,1939
"$126,000.00",BrkSide,1938
"$132,000.00",BrkSide,1939
"$131,750.00",BrkSide,1930
"$132,500.00",BrkSide,1926
"$137,500.00",BrkSide,1920
"$132,000.00",BrkSide,1929
"$127,500.00",BrkSide,1931
"$102,000.00",BrkSide,1926
"$200,000.00",OldTown,1918
"$180,500.00",BrkSide,1919
"$165,000.00",BrkSide,1920
"$90,000.00",BrkSide,1926
"$153,575.00",BrkSide,1915
"$140,000.00",OldTown,1929
"$136,000.00",OldTown,1916
"$113,000.00",OldTown,1901
"$117,000.00",OldTown,1901
"$169,500.00",IDOTRR,1931
"$139,400.00",IDOTRR,1930
"$202,500.00",IDOTRR,1963
"$127,000.00",IDOTRR,1914
"$141,000.00",IDOTRR,1937
"$212,300.00",IDOTRR,1950
"$161,000.00",IDOTRR,1915
"$99,500.00",IDOTRR,1958
"$101,000.00",IDOTRR,1920
"$109,900.00",IDOTRR,1916
"$128,500.00",OldTown,1941
"$122,000.00",OldTown,1910
"$87,000.00",OldTown,1930
"$50,000.00",IDOTRR,1910
"$219,000.00",Sawyer,1937
"$200,500.00",ClearCr,1946
"$126,000.00",Edwards,1940
"$108,500.00",SWISU,1942
"$130,000.00",Sawyer,1963
"$158,450.00",Sawyer,1964
"$115,400.00",Sawyer,1964
"$118,500.00",Sawyer,1961
"$165,000.00",Sawyer,1964
"$123,000.00",Sawyer,1966
"$129,000.00",Sawyer,1966
"$125,000.00",Sawyer,1966
"$108,000.00",Sawyer,1968
"$119,900.00",Sawyer,1971
"$115,000.00",Sawyer,1968
"$134,500.00",Sawyer,1967
"$127,000.00",Sawyer,1966
"$129,000.00",Sawyer,1968
"$143,500.00",Sawyer,1977
"$129,000.00",Sawyer,1966
"$187,000.00",Sawyer,1956
"$158,000.00",Sawyer,1920
"$112,000.00",Sawyer,1918
"$165,250.00",Sawyer,1940
"$150,000.00",Sawyer,1954
"$137,000.00",Sawyer,1958
"$89,500.00",Sawyer,1945
"$302,000.00",ClearCr,1971
"$182,000.00",ClearCr,1984
"$211,000.00",ClearCr,1988
"$216,000.00",Edwards,1948
"$130,000.00",Edwards,1953
"$109,900.00",Edwards,1946
"$255,000.00",ClearCr,1954
"$243,000.00",Edwards,1950
"$154,000.00",Edwards,1954
"$118,000.00",SWISU,1958
"$80,000.00",Edwards,1958
"$150,000.00",Edwards,1977
"$86,000.00",Edwards,1920
"$130,000.00",Edwards,1984
"$125,000.00",Edwards,1951
"$136,500.00",Edwards,1951
"$96,000.00",Edwards,1920
"$120,000.00",Edwards,1957
"$228,500.00",SawyerW,1984
"$179,900.00",SawyerW,1990
"$225,000.00",SawyerW,1990
"$301,000.00",SawyerW,1986
"$238,000.00",SawyerW,1991
"$228,500.00",SawyerW,1989
"$220,000.00",SawyerW,1994
"$383,970.00",CollgCr,2007
"$424,870.00",CollgCr,2006
"$250,000.00",CollgCr,2007
"$360,000.00",CollgCr,2006
"$279,500.00",CollgCr,2006
"$200,141.00",CollgCr,2007
"$246,500.00",CollgCr,2007
"$276,000.00",CollgCr,2007
"$203,000.00",CollgCr,2005
"$155,835.00",CollgCr,2006
"$194,000.00",CollgCr,2006
"$195,400.00",CollgCr,2007
"$217,000.00",CollgCr,2005
"$212,999.00",CollgCr,2006
"$175,900.00",CollgCr,2005
"$191,000.00",CollgCr,2005
"$176,432.00",CollgCr,2006
"$277,000.00",SawyerW,1988
"$207,000.00",SawyerW,1988
"$277,000.00",ClearCr,1958
"$240,000.00",ClearCr,1992
"$187,500.00",ClearCr,1966
"$279,000.00",ClearCr,1976
"$139,500.00",CollgCr,1994
"$126,000.00",CollgCr,1994
"$177,500.00",CollgCr,1995
"$175,000.00",CollgCr,1997
"$211,000.00",CollgCr,1998
"$146,000.00",CollgCr,1994
"$147,900.00",CollgCr,1996
"$123,600.00",CollgCr,1994
"$204,750.00",CollgCr,1997
"$235,500.00",CollgCr,1999
"$217,000.00",CollgCr,1998
"$190,550.00",CollgCr,2001
"$217,500.00",CollgCr,2000
"$226,000.00",CollgCr,2003
"$180,000.00",CollgCr,2003
"$131,000.00",CollgCr,1974
"$153,500.00",CollgCr,1976
"$160,000.00",CollgCr,1977
"$134,900.00",CollgCr,1977
"$130,000.00",CollgCr,1977
"$120,000.00",CollgCr,1975
"$112,500.00",CollgCr,1972
"$122,000.00",CollgCr,1975
"$127,000.00",CollgCr,1972
"$117,000.00",CollgCr,1972
"$305,900.00",CollgCr,2004
"$228,500.00",CollgCr,2002
"$270,000.00",CollgCr,2000
"$192,000.00",CollgCr,2002
"$213,000.00",CollgCr,2003
"$200,000.00",CollgCr,2002
"$267,000.00",CollgCr,1998
"$228,000.00",CollgCr,1994
"$275,000.00",CollgCr,2001
"$211,000.00",CollgCr,1996
"$285,000.00",CollgCr,2002
"$240,000.00",CollgCr,1995
"$131,500.00",CollgCr,2003
"$246,900.00",CollgCr,1999
"$219,500.00",CollgCr,2003
"$185,000.00",CollgCr,2003
"$179,400.00",CollgCr,2007
"$213,500.00",CollgCr,2006
"$179,600.00",CollgCr,2004
"$173,500.00",CollgCr,2005
"$167,840.00",CollgCr,2006
"$168,675.00",CollgCr,2006
"$167,000.00",CollgCr,2005
"$140,000.00",Edwards,1965
"$118,500.00",Edwards,1967
"$110,000.00",Edwards,1963
"$94,750.00",Edwards,1965
"$122,000.00",Edwards,1925
"$110,000.00",Edwards,1960
"$118,500.00",Edwards,1990
"$133,500.00",Edwards,1976
"$148,000.00",Edwards,1976
"$141,000.00",Edwards,1979
"$155,000.00",Edwards,2006
"$157,000.00",Edwards,2005
"$171,500.00",Edwards,2005
"$183,850.00",Edwards,2008
"$184,750.00",Edwards,2007
"$140,000.00",Edwards,2005
"$131,750.00",Edwards,1959
"$61,500.00",Edwards,1955
"$111,000.00",Edwards,1954
"$98,500.00",Edwards,1946
"$79,000.00",Edwards,1931
"$108,500.00",Edwards,1920
"$110,000.00",Edwards,1954
"$112,000.00",Edwards,1910
"$125,000.00",Edwards,1955
"$79,275.00",Edwards,1955
"$119,000.00",Edwards,1954
"$200,000.00",SWISU,1914
"$150,000.00",SWISU,1923
"$165,000.00",Crawfor,1923
"$96,500.00",Crawfor,1926
"$136,500.00",Crawfor,1926
"$146,500.00",Crawfor,1921
"$175,000.00",SWISU,1937
"$148,500.00",Crawfor,1930
"$141,500.00",Crawfor,1921
"$189,950.00",Crawfor,1918
"$135,000.00",Crawfor,1926
"$164,000.00",Crawfor,1941
"$90,350.00",Crawfor,1913
"$139,000.00",Crawfor,1910
"$119,750.00",Crawfor,1938
"$145,000.00",Crawfor,1946
"$145,000.00",Crawfor,1949
"$238,000.00",Crawfor,1927
"$153,500.00",Crawfor,1951
"$239,000.00",Crawfor,1918
"$359,100.00",Crawfor,1934
"$188,000.00",Crawfor,1930
"$220,000.00",Crawfor,1932
"$140,000.00",Crawfor,1941
"$315,000.00",Crawfor,1932
"$259,500.00",Crawfor,1945
"$257,500.00",Crawfor,1957
"$219,500.00",Crawfor,1940
"$217,000.00",Crawfor,1953
"$201,000.00",Crawfor,1960
"$215,000.00",Crawfor,1968
"$123,900.00",Blueste,1980
"$170,000.00",Crawfor,1995
"$200,000.00",Blueste,1988
"$198,000.00",Crawfor,1971
"$200,624.00",Crawfor,1957
"$315,000.00",Crawfor,1986
"$115,000.00",IDOTRR,1919
"$141,000.00",IDOTRR,1940
"$87,000.00",IDOTRR,1941
"$129,850.00",IDOTRR,1925
"$100,000.00",IDOTRR,1939
"$150,909.00",IDOTRR,1923
"$75,200.00",IDOTRR,1922
"$118,400.00",IDOTRR,1920
"$67,000.00",IDOTRR,1920
"$152,000.00",IDOTRR,1950
"$68,104.00",IDOTRR,1939
"$119,600.00",IDOTRR,1895
"$140,000.00",IDOTRR,1957
"$124,900.00",IDOTRR,1930
"$375,000.00",Crawfor,2006
"$235,000.00",Crawfor,2006
"$183,500.00",Mitchel,1979
"$156,000.00",Mitchel,1978
"$134,000.00",Mitchel,1983
"$215,000.00",Mitchel,2002
"$245,000.00",Mitchel,2002
"$210,000.00",Mitchel,1991
"$148,000.00",Mitchel,1975
"$143,000.00",Mitchel,1974
"$244,000.00",Timber,1987
"$330,000.00",GrnHill,1998
"$170,000.00",Timber,1959
"$257,000.00",Timber,1958
"$231,713.00",Timber,2006
"$267,300.00",Timber,2006
"$265,900.00",Timber,2006
"$239,000.00",Timber,2007
"$248,900.00",Timber,2006
"$174,000.00",Timber,1985
"$187,500.00",Timber,1990
"$204,000.00",Timber,1996
"$180,500.00",Timber,2001
"$187,500.00",Timber,2003
"$282,000.00",Timber,2002
"$178,000.00",Timber,1996
"$270,000.00",Timber,2002
"$279,900.00",Timber,2003
"$186,700.00",Timber,1963
"$283,463.00",Timber,2006
"$392,000.00",Timber,2006
"$281,213.00",Timber,2005
"$147,000.00",Mitchel,2007
"$130,000.00",Mitchel,1953
"$140,000.00",Mitchel,1996
"$132,250.00",Mitchel,1963
"$143,000.00",Mitchel,1967
"$168,000.00",Mitchel,1961
"$129,900.00",MeadowV,1976
"$134,000.00",MeadowV,1976
"$85,500.00",MeadowV,1972
"$106,500.00",MeadowV,1970
"$93,900.00",MeadowV,1970
"$75,000.00",MeadowV,1970
"$84,500.00",MeadowV,1970
"$75,190.00",MeadowV,1976
"$146,800.00",Mitchel,1976
"$153,500.00",Mitchel,1977
"$188,000.00",Mitchel,1977
"$196,000.00",Mitchel,1977
"$157,000.00",Mitchel,1977
"$138,000.00",Mitchel,1971
"$129,500.00",Mitchel,1970
"$80,000.00",Mitchel,1961
"$129,500.00",Mitchel,1982
"$135,000.00",Mitchel,1976
"$124,500.00",Mitchel,1982
"$139,000.00",Mitchel,1983
"$93,500.00",Mitchel,1991
"$124,500.00",Mitchel,1984
"$149,900.00",NAmes,1954
"$157,500.00",NAmes,1956
"$169,000.00",NAmes,1957
"$252,000.00",NAmes,1957
"$192,100.00",NAmes,1969
"$183,500.00",Gilbert,1997
"$222,000.00",Gilbert,1997
"$170,000.00",Gilbert,1995
"$187,500.00",Gilbert,1995
"$202,000.00",Gilbert,1996
"$185,000.00",Gilbert,1997
"$320,000.00",Gilbert,2005
"$240,000.00",Gilbert,2006
"$250,000.00",Gilbert,2005
"$239,900.00",Gilbert,2005
"$309,000.00",Gilbert,2005
"$274,725.00",Gilbert,2006
"$270,000.00",StoneBr,1994
"$183,500.00",Gilbert,1993
"$165,600.00",Gilbert,1993
"$176,500.00",Gilbert,1998
"$130,000.00",StoneBr,1987
"$239,000.00",StoneBr,1987
"$275,000.00",StoneBr,1985
"$457,347.00",StoneBr,2005
"$545,224.00",StoneBr,2006
"$356,383.00",StoneBr,2006
"$556,581.00",StoneBr,2005
"$361,919.00",StoneBr,2006
"$535,000.00",StoneBr,2006
"$401,179.00",StoneBr,2005
"$438,780.00",StoneBr,2006
"$169,000.00",Gilbert,1948
"$145,000.00",Gilbert,1955
"$318,000.00",StoneBr,2005
"$319,000.00",StoneBr,2005
"$470,000.00",StoneBr,2005
"$202,500.00",NWAmes,1984
"$229,000.00",NWAmes,1988
"$235,000.00",NWAmes,1977
"$190,000.00",NWAmes,1976
"$169,000.00",NWAmes,1980
"$241,500.00",NWAmes,1988
"$188,900.00",NWAmes,1978
"$207,500.00",NWAmes,1980
"$250,000.00",NWAmes,1978
"$179,900.00",NWAmes,1975
"$172,000.00",NWAmes,1976
"$294,323.00",Somerst,2005
"$184,500.00",NWAmes,1975
"$153,500.00",NWAmes,1975
"$162,900.00",NWAmes,1976
"$181,000.00",NWAmes,1974
"$155,000.00",NWAmes,1974
"$138,800.00",NAmes,1969
"$116,050.00",NAmes,1970
"$88,000.00",NAmes,1971
"$97,500.00",NAmes,1971
"$190,000.00",NAmes,2002
"$105,500.00",BrDale,1973
"$125,500.00",BrDale,1973
"$83,000.00",BrDale,1973
"$116,000.00",BrDale,1972
"$91,500.00",BrDale,1971
"$118,000.00",BrDale,1972
"$89,000.00",BrDale,1972
"$108,000.00",BrDale,1972
"$94,500.00",BrDale,1972
"$146,300.00",NPkVill,1975
"$145,000.00",NAmes,1967
"$123,000.00",NAmes,1967
"$137,500.00",NPkVill,1976
"$144,000.00",NPkVill,1976
"$315,000.00",NridgHt,2004
"$412,083.00",NridgHt,2006
"$342,643.00",NridgHt,2006
"$252,000.00",NridgHt,2004
"$465,000.00",NridgHt,2006
"$293,000.00",NridgHt,2006
"$415,000.00",NridgHt,2005
"$326,000.00",NridgHt,2004
"$325,300.00",NridgHt,2005
"$309,000.00",NridgHt,2004
"$300,000.00",NridgHt,2005
"$275,500.00",NridgHt,2005
"$338,500.00",NridgHt,2005
"$345,000.00",NridgHt,2005
"$344,133.00",NridgHt,2005
"$298,236.00",NridgHt,2006
"$329,900.00",NridgHt,2005
"$360,000.00",NridgHt,2003
"$281,000.00",NridgHt,2006
"$372,397.00",NridgHt,2005
"$378,000.00",NridgHt,2004
"$374,000.00",NridgHt,2003
"$437,154.00",NridgHt,2005
"$275,000.00",NridgHt,2005
"$279,000.00",NridgHt,2004
"$185,850.00",NridgHt,2005
"$282,500.00",NridgHt,2005
"$202,500.00",NridgHt,2005
"$202,665.00",NridgHt,2005
"$332,200.00",NridgHt,2006
"$310,090.00",NridgHt,2006
"$171,750.00",NridgHt,2003
"$169,990.00",Gilbert,2005
"$170,440.00",Gilbert,2005
"$169,985.00",Gilbert,2006
"$179,665.00",Gilbert,2006
"$219,210.00",Gilbert,2006
"$174,190.00",Gilbert,2006
"$172,785.00",Gilbert,2006
"$258,000.00",Gilbert,2004
"$185,101.00",Gilbert,2006
"$210,250.00",Blmngtn,2006
"$234,000.00",Blmngtn,2003
"$215,000.00",Blmngtn,2003
"$246,990.00",Blmngtn,2002
"$178,740.00",Blmngtn,2004
"$225,000.00",Blmngtn,2004
"$167,240.00",Blmngtn,2005
"$156,820.00",Blmngtn,2005
"$213,490.00",Blmngtn,2005
"$264,561.00",Blmngtn,2006
"$246,578.00",Blmngtn,2006
"$192,140.00",Gilbert,2005
"$183,200.00",Gilbert,2002
"$178,000.00",Gilbert,2004
"$201,490.00",Gilbert,2004
"$230,500.00",Gilbert,2000
"$180,000.00",Gilbert,2003
"$172,400.00",Gilbert,2000
"$215,000.00",Gilbert,2000
"$199,900.00",Gilbert,1998
"$173,000.00",Gilbert,2000
"$287,602.00",Gilbert,2006
"$230,000.00",Gilbert,1999
"$348,000.00",NoRidge,1997
"$286,000.00",NoRidge,1998
"$300,000.00",NoRidge,2000
"$625,000.00",NoRidge,1995
"$405,000.00",NoRidge,2000
"$280,000.00",NoRidge,1998
"$258,000.00",NoRidge,1998
"$350,000.00",NoRidge,1995
"$584,500.00",NoRidge,1993
"$321,000.00",NoRidge,1994
"$290,000.00",NoRidge,1994
"$315,000.00",NoRidge,1993
"$252,000.00",Somerst,2005
"$336,820.00",Somerst,2006
"$423,000.00",Somerst,2005
"$290,000.00",Somerst,2006
"$232,000.00",Somerst,2005
"$199,000.00",Somerst,2006
"$198,600.00",Somerst,2006
"$405,749.00",Somerst,2006
"$232,600.00",Somerst,2006
"$266,000.00",Somerst,2006
"$186,500.00",Somerst,2005
"$200,825.00",Somerst,2005
"$197,000.00",Somerst,2006
"$185,000.00",Somerst,2006
"$176,000.00",Somerst,2005
"$187,750.00",Somerst,2006
"$139,500.00",SawyerW,2005
"$186,800.00",SawyerW,2005
"$132,000.00",SawyerW,2005
"$142,500.00",SawyerW,2005
"$158,000.00",SawyerW,2004
"$184,000.00",SawyerW,2005
"$184,900.00",SawyerW,2005
"$187,000.00",SawyerW,1997
"$175,900.00",SawyerW,1992
"$248,500.00",SawyerW,1992
"$172,000.00",SawyerW,1990
"$151,000.00",SawyerW,1991
"$150,000.00",SawyerW,1994
"$107,000.00",SawyerW,1966
"$119,900.00",SawyerW,1965
"$129,500.00",Sawyer,1962
"$125,000.00",Sawyer,1963
"$119,500.00",Sawyer,1977
"$144,000.00",Sawyer,1962
"$151,000.00",Sawyer,1977
"$126,000.00",Sawyer,1965
"$116,000.00",Sawyer,1968
"$133,500.00",Sawyer,1963
"$120,875.00",Sawyer,1965
"$137,000.00",Sawyer,1965
"$124,000.00",Sawyer,1964
"$135,000.00",Sawyer,1961
"$129,200.00",Sawyer,1967
"$260,000.00",Veenker,1974
"$260,000.00",NoRidge,1991
"$334,000.00",NoRidge,1992
"$310,000.00",NoRidge,1993
"$268,000.00",NoRidge,1992
"$262,000.00",NoRidge,1994
"$176,400.00",Somerst,2004
"$197,000.00",Somerst,2005
"$151,000.00",Somerst,2005
"$147,400.00",Somerst,2005
"$149,900.00",Somerst,2005
"$144,152.00",Somerst,2005
"$166,000.00",Somerst,2000
"$183,900.00",Somerst,1999
"$165,000.00",Somerst,2000
"$139,000.00",Somerst,2003
"$200,000.00",Somerst,1997
"$221,000.00",Somerst,2001
"$270,000.00",Veenker,1995
"$165,000.00",Veenker,1977
"$214,000.00",Greens,1980
"$188,000.00",Greens,1980
"$190,000.00",Greens,1980
"$170,000.00",Greens,1978
"$385,000.00",Veenker,1981
"$146,500.00",NWAmes,1972
"$170,000.00",NWAmes,1968
"$262,500.00",NWAmes,1968
"$179,900.00",NWAmes,1968
"$250,000.00",NWAmes,1968
"$165,150.00",NWAmes,1972
"$164,500.00",NWAmes,1967
"$140,000.00",NWAmes,1969
"$135,500.00",NAmes,1967
"$142,000.00",NAmes,1968
"$155,000.00",NAmes,1968
"$157,500.00",NAmes,1968
"$138,500.00",NAmes,1968
"$140,000.00",NAmes,1968
"$124,400.00",NAmes,1966
"$158,000.00",NAmes,1967
"$146,000.00",NAmes,1965
"$190,000.00",NWAmes,1971
"$136,500.00",NAmes,1961
"$129,900.00",NAmes,1958
"$145,000.00",NAmes,1959
"$185,900.00",NAmes,1965
"$160,000.00",NAmes,1964
"$167,000.00",NAmes,1964
"$157,500.00",NAmes,1964
"$140,000.00",NAmes,1958
"$150,000.00",NAmes,1958
"$151,500.00",NAmes,1960
"$129,800.00",NAmes,1934
"$137,000.00",NAmes,1954
"$137,000.00",NAmes,1947
"$121,600.00",BrkSide,1946
"$85,500.00",BrkSide,1923
"$79,900.00",BrkSide,1926
"$127,000.00",BrkSide,1908
"$161,000.00",NAmes,1961
"$146,500.00",NAmes,1952
"$135,000.00",NAmes,1951
"$137,900.00",NAmes,1951
"$133,000.00",NAmes,1941
"$137,000.00",NAmes,1949
"$121,000.00",NAmes,1954
"$119,000.00",NAmes,1967
"$172,000.00",NAmes,1964
"$98,600.00",NAmes,1961
"$226,000.00",NAmes,1966
"$118,000.00",NAmes,1954
"$235,000.00",NAmes,1918
"$135,000.00",NAmes,1963
"$132,500.00",NAmes,1962
"$143,000.00",NAmes,1959
"$132,000.00",NAmes,1957
"$145,250.00",NAmes,1960
"$162,000.00",NAmes,1958
"$148,000.00",NAmes,1956
"$141,000.00",NAmes,1957
"$153,000.00",NAmes,1956
"$134,450.00",NAmes,1957
"$135,960.00",NAmes,1979
"$156,000.00",NAmes,1954
"$140,000.00",NAmes,1954
"$139,500.00",NAmes,1952
"$155,000.00",NAmes,1951
"$127,000.00",NAmes,1956
"$133,500.00",NAmes,1956
"$125,000.00",NAmes,1955
"$142,000.00",NAmes,1951
"$167,000.00",NAmes,1941
"$159,000.00",NAmes,1956
"$180,000.00",OldTown,1925
"$127,000.00",NAmes,1947
"$112,000.00",OldTown,1924
"$99,800.00",OldTown,1930
"$117,000.00",OldTown,1954
"$108,480.00",OldTown,1921
"$68,000.00",NAmes,1929
"$86,900.00",OldTown,1900
"$120,000.00",OldTown,1920
"$155,500.00",OldTown,1915
"$80,000.00",OldTown,1910
"$105,000.00",OldTown,1915
"$160,000.00",OldTown,1900
"$170,000.00",OldTown,1936
"$160,000.00",NAmes,1965
"$159,950.00",NAmes,1966
"$165,000.00",NAmes,1963
"$159,000.00",NAmes,1962
"$147,000.00",NAmes,1962
"$115,000.00",NAmes,1964
"$159,500.00",NAmes,1959
"$120,000.00",NAmes,1959
"$129,900.00",NAmes,1957
"$183,000.00",NAmes,1961
"$157,500.00",NAmes,1959
"$277,500.00",NAmes,1962
"$207,500.00",NAmes,1957
"$147,500.00",NAmes,1950
"$135,000.00",NAmes,1949
"$109,500.00",NAmes,1950
"$109,900.00",NAmes,1950
"$133,700.00",NAmes,1959
"$81,400.00",NAmes,1950
"$87,500.00",NAmes,1949
"$93,500.00",NAmes,1950
"$119,000.00",NAmes,1960
"$141,000.00",NAmes,1959
"$146,000.00",NAmes,1961
"$155,000.00",NAmes,1966
"$134,500.00",NAmes,1962
"$120,000.00",NAmes,1962
"$105,000.00",NAmes,1962
"$124,000.00",NAmes,1962
"$169,000.00",OldTown,1900
"$107,000.00",OldTown,1925
"$135,000.00",OldTown,1948
"$111,500.00",OldTown,1920
"$156,500.00",OldTown,1900
"$178,000.00",OldTown,1925
"$139,900.00",OldTown,1900
"$105,000.00",OldTown,1930
"$110,000.00",OldTown,1930
"$111,500.00",OldTown,1900
"$108,000.00",OldTown,1924
"$111,500.00",OldTown,1925
"$124,000.00",OldTown,1880
"$105,000.00",OldTown,1950
"$116,000.00",OldTown,1920
"$96,900.00",OldTown,1905
"$135,500.00",OldTown,1955
"$139,000.00",OldTown,1924
"$61,500.00",OldTown,1921
"$120,000.00",OldTown,1945
"$126,175.00",OldTown,1955
"$64,000.00",OldTown,1920
"$137,000.00",OldTown,1910
"$87,000.00",OldTown,1900
"$163,000.00",OldTown,1914
"$155,000.00",OldTown,1910
"$79,000.00",OldTown,1900
"$144,000.00",OldTown,1916
"$114,504.00",OldTown,1910
"$157,000.00",OldTown,1920
"$125,000.00",OldTown,1923
"$475,000.00",OldTown,1892
"$93,500.00",OldTown,1920
"$125,000.00",OldTown,1958
"$64,500.00",IDOTRR,1918
"$100,000.00",BrkSide,1941
"$140,200.00",BrkSide,1939
"$202,500.00",BrkSide,1924
"$159,000.00",BrkSide,1947
"$119,900.00",OldTown,1939
"$114,500.00",BrkSide,1934
"$115,000.00",BrkSide,1936
"$75,000.00",BrkSide,1930
"$88,000.00",BrkSide,1925
"$80,500.00",BrkSide,1947
"$149,000.00",BrkSide,1928
"$110,000.00",BrkSide,1930
"$110,500.00",OldTown,1925
"$89,000.00",BrkSide,1921
"$113,000.00",BrkSide,1922
"$109,000.00",BrkSide,1925
"$220,000.00",OldTown,1962
"$129,000.00",BrkSide,1970
"$117,000.00",OldTown,1910
"$52,500.00",OldTown,1941
"$107,000.00",IDOTRR,1924
"$116,500.00",IDOTRR,1910
"$72,000.00",IDOTRR,1919
"$119,500.00",IDOTRR,1937
"$125,500.00",IDOTRR,1938
"$91,000.00",IDOTRR,1922
"$84,500.00",IDOTRR,1935
"$90,000.00",IDOTRR,1930
"$137,500.00",Sawyer,1951
"$150,000.00",Sawyer,1964
"$131,000.00",Sawyer,1950
"$130,000.00",ClearCr,1958
"$125,000.00",Edwards,1935
"$80,000.00",SWISU,1936
"$157,000.00",SWISU,2004
"$148,000.00",Sawyer,1963
"$90,000.00",Sawyer,1967
"$154,500.00",Sawyer,1963
"$153,600.00",Sawyer,1967
"$164,500.00",Sawyer,1966
"$132,000.00",Sawyer,1964
"$142,500.00",Sawyer,1966
"$158,000.00",Sawyer,1968
"$149,500.00",Sawyer,1978
"$165,000.00",Sawyer,1967
"$180,000.00",Sawyer,1968
"$160,500.00",Sawyer,1978
"$156,500.00",Sawyer,1977
"$157,000.00",Sawyer,1977
"$172,500.00",Sawyer,1958
"$155,000.00",Sawyer,1957
"$170,000.00",Sawyer,1955
"$105,000.00",Sawyer,1924
"$145,000.00",Sawyer,1965
"$168,000.00",Sawyer,1956
"$278,000.00",ClearCr,1967
"$164,000.00",ClearCr,1963
"$225,000.00",ClearCr,1953
"$130,000.00",Sawyer,1971
"$142,500.00",Sawyer,1974
"$148,400.00",ClearCr,1980
"$190,000.00",ClearCr,1986
"$146,000.00",Edwards,1954
"$128,000.00",Edwards,1942
"$225,000.00",Edwards,1948
"$274,970.00",Edwards,1966
"$235,000.00",Edwards,1928
"$415,000.00",Edwards,1935
"$182,000.00",Edwards,1962
"$135,000.00",Edwards,1952
"$137,000.00",Edwards,1955
"$136,900.00",Edwards,1954
"$149,900.00",Edwards,1953
"$123,500.00",Edwards,1952
"$93,000.00",Edwards,1954
"$91,500.00",Edwards,1948
"$180,000.00",SawyerW,1985
"$209,000.00",SawyerW,1989
"$215,000.00",SawyerW,1993
"$224,500.00",SawyerW,1993
"$229,800.00",CollgCr,2005
"$183,600.00",CollgCr,2005
"$194,000.00",CollgCr,2006
"$193,879.00",CollgCr,2006
"$221,500.00",CollgCr,2005
"$204,900.00",CollgCr,2006
"$239,799.00",CollgCr,2006
"$233,555.00",CollgCr,2006
"$260,000.00",CollgCr,2005
"$294,900.00",CollgCr,2005
"$209,700.00",CollgCr,2005
"$225,000.00",CollgCr,2005
"$181,000.00",CollgCr,2005
"$220,000.00",SawyerW,1992
"$190,000.00",ClearCr,1964
"$180,000.00",ClearCr,1969
"$280,000.00",ClearCr,1975
"$158,900.00",ClearCr,1968
"$148,000.00",CollgCr,1996
"$145,000.00",CollgCr,1996
"$187,000.00",CollgCr,1995
"$193,000.00",CollgCr,1998
"$156,000.00",CollgCr,1995
"$235,000.00",CollgCr,2000
"$217,000.00",CollgCr,1997
"$214,000.00",CollgCr,1999
"$196,000.00",CollgCr,1999
"$217,000.00",CollgCr,1999
"$200,000.00",CollgCr,2002
"$192,500.00",CollgCr,2002
"$205,000.00",CollgCr,2001
"$132,500.00",CollgCr,1976
"$157,500.00",CollgCr,1977
"$174,000.00",CollgCr,1978
"$128,500.00",CollgCr,1969
"$128,500.00",CollgCr,1972
"$149,900.00",CollgCr,1972
"$119,900.00",CollgCr,1972
"$137,000.00",Landmrk,1993
"$255,000.00",CollgCr,2002
"$222,000.00",CollgCr,2002
"$214,000.00",CollgCr,1999
"$220,000.00",CollgCr,2002
"$275,000.00",CollgCr,2001
"$197,000.00",CollgCr,2002
"$230,000.00",CollgCr,2002
"$268,500.00",CollgCr,1999
"$210,900.00",CollgCr,1996
"$227,000.00",CollgCr,1998
"$237,000.00",CollgCr,1995
"$274,300.00",CollgCr,1998
"$216,837.00",CollgCr,2004
"$133,000.00",CollgCr,2003
"$155,900.00",CollgCr,2004
"$233,230.00",CollgCr,2006
"$207,000.00",CollgCr,2003
"$195,000.00",CollgCr,2004
"$200,000.00",CollgCr,2003
"$203,160.00",CollgCr,2006
"$195,800.00",CollgCr,2005
"$212,900.00",CollgCr,2005
"$196,500.00",CollgCr,2004
"$198,000.00",CollgCr,2005
"$173,900.00",CollgCr,2005
"$163,990.00",CollgCr,2005
"$164,990.00",CollgCr,2005
"$98,000.00",Edwards,1910
"$149,900.00",Edwards,1959
"$102,000.00",Edwards,1951
"$127,500.00",Edwards,1975
"$127,500.00",Edwards,1975
"$119,900.00",Edwards,1969
"$196,500.00",Edwards,2003
"$117,250.00",Edwards,2002
"$229,000.00",Edwards,2003
"$145,000.00",Edwards,2005
"$140,000.00",Edwards,2005
"$142,500.00",Edwards,2005
"$134,000.00",Edwards,2004
"$130,000.00",Edwards,2004
"$130,000.00",Edwards,2004
"$137,500.00",Edwards,2004
"$130,000.00",Edwards,2004
"$97,900.00",Edwards,1948
"$92,000.00",Edwards,1915
"$107,000.00",Edwards,1924
"$81,000.00",Edwards,1910
"$104,900.00",Edwards,1924
"$115,000.00",Edwards,1955
"$125,000.00",Edwards,1954
"$116,000.00",Edwards,1918
"$83,000.00",Edwards,1922
"$118,500.00",SWISU,1912
"$35,000.00",Edwards,1922
"$121,000.00",Edwards,1910
"$160,000.00",SWISU,1916
"$140,000.00",SWISU,1940
"$137,000.00",SWISU,1938
"$128,000.00",SWISU,1945
"$160,000.00",SWISU,1926
"$138,887.00",Crawfor,1914
"$149,000.00",SWISU,1920
"$102,000.00",SWISU,1926
"$167,000.00",Crawfor,1919
"$200,100.00",Crawfor,1920
"$131,000.00",SWISU,1939
"$112,000.00",SWISU,1941
"$140,000.00",Crawfor,1915
"$195,000.00",Crawfor,1920
"$230,000.00",Crawfor,1929
"$194,000.00",Crawfor,1940
"$137,500.00",Crawfor,1922
"$250,000.00",Crawfor,1936
"$218,000.00",Crawfor,1929
"$239,000.00",Crawfor,1932
"$199,500.00",Crawfor,1932
"$210,000.00",Crawfor,1930
"$230,000.00",Crawfor,1956
"$217,500.00",Crawfor,1977
"$257,000.00",Crawfor,1950
"$157,000.00",Crawfor,1953
"$223,000.00",Crawfor,1969
"$102,000.00",IDOTRR,1942
"$145,400.00",IDOTRR,1926
"$72,000.00",IDOTRR,1925
"$85,000.00",IDOTRR,1925
"$106,500.00",IDOTRR,1936
"$139,000.00",IDOTRR,1957
"$108,000.00",IDOTRR,1920
"$51,689.00",IDOTRR,1945
"$35,311.00",IDOTRR,1949
"$115,000.00",IDOTRR,1951
"$78,000.00",IDOTRR,1916
"$375,000.00",Crawfor,2005
"$300,000.00",Crawfor,2004
"$242,500.00",Mitchel,1979
"$145,000.00",Mitchel,1978
"$209,000.00",Mitchel,2001
"$135,000.00",Mitchel,1977
"$148,000.00",Mitchel,1975
"$171,000.00",Mitchel,1988
"$335,000.00",Timber,1989
"$230,000.00",GrnHill,1986
"$250,764.00",Timber,1958
"$228,000.00",Timber,1981
"$176,000.00",Timber,1987
"$180,000.00",Timber,1990
"$250,000.00",Timber,1990
"$202,000.00",Timber,2000
"$312,500.00",Timber,2002
"$320,000.00",Timber,2005
"$369,900.00",Timber,2005
"$359,900.00",Timber,2005
"$81,500.00",Mitchel,1951
"$215,000.00",Mitchel,1997
"$164,000.00",Mitchel,1998
"$153,500.00",Mitchel,1998
"$84,500.00",Mitchel,2006
"$104,500.00",MeadowV,1977
"$127,000.00",MeadowV,1977
"$151,400.00",MeadowV,1973
"$126,500.00",Mitchel,1968
"$146,500.00",Mitchel,1970
"$73,000.00",MeadowV,1970
"$79,400.00",MeadowV,1972
"$140,000.00",Mitchel,1969
"$92,000.00",MeadowV,1970
"$87,550.00",MeadowV,1970
"$79,500.00",MeadowV,1970
"$90,500.00",MeadowV,1970
"$71,000.00",MeadowV,1970
"$150,900.00",Mitchel,1976
"$188,000.00",Mitchel,1976
"$160,000.00",Mitchel,1977
"$131,000.00",Mitchel,1960
"$142,500.00",Mitchel,1984
"$131,000.00",Mitchel,1983
"$132,000.00",Mitchel,1992
"$170,000.00",Mitchel,1974
"$188,000.00",Mitchel,1993
